{
  "ModificationFiles": [
    {
      "threeDModel": "female-29",
      "OriginalOBJFile": "female-29.obj",
      "OriginalJSONFile": "female-29.json",
      "TargetOBJFile": "female-29-Long-27.obj",
      "TargetJSONFile": "female-29-Long-27.json",
      "Folder": ".",
      "FallOffType": "",
      "Modifications": [
        {
          "Feature-abbrv": "v",
          "Delta-Magnitude-X": "0",
          "Delta-Magnitude-Y": "13",
          "Delta-Magnitude-Z": "0",
          "InfluenceRadius": "135",
          "TransformationType": "Translation"
        },
        {
          "Feature-abbrv": "me",
          "Delta-Magnitude-X": "0",
          "Delta-Magnitude-Y": "-13",
          "Delta-Magnitude-Z": "0",
          "InfluenceRadius": "135",
          "TransformationType": "Translation"
        }
      ]
    },
    {
      "threeDModel": "female-29",
      "OriginalOBJFile": "female-29.obj",
      "OriginalJSONFile": "female-29.json",
      "TargetOBJFile": "female-29-Long-21.obj",
      "TargetJSONFile": "female-29-Long-21.json",
      "Folder": ".",
      "FallOffType": "",
      "Modifications": [
        {
          "Feature-abbrv": "v",
          "Delta-Magnitude-X": "0",
          "Delta-Magnitude-Y": "10.5",
          "Delta-Magnitude-Z": "0",
          "InfluenceRadius": "135",
          "TransformationType": "Translation"
        },
        {
          "Feature-abbrv": "me",
          "Delta-Magnitude-X": "0",
          "Delta-Magnitude-Y": "-10.5",
          "Delta-Magnitude-Z": "0",
          "InfluenceRadius": "135",
          "TransformationType": "Translation"
        }
      ]
    },
    {
      "threeDModel": "female-29",
      "OriginalOBJFile": "female-29.obj",
      "OriginalJSONFile": "female-29.json",
      "TargetOBJFile": "female-29-Long-18.obj",
      "TargetJSONFile": "female-29-Long-19.json",
      "Folder": ".",
      "FallOffType": "",
      "Modifications": [
        {
          "Feature-abbrv": "v",
          "Delta-Magnitude-X": "0",
          "Delta-Magnitude-Y": "9",
          "Delta-Magnitude-Z": "0",
          "InfluenceRadius": "135",
          "TransformationType": "Translation"
        },
        {
          "Feature-abbrv": "me",
          "Delta-Magnitude-X": "0",
          "Delta-Magnitude-Y": "-9",
          "Delta-Magnitude-Z": "0",
          "InfluenceRadius": "135",
          "TransformationType": "Translation"
        }
      ]
    },
    {
      "threeDModel": "female-29",
      "OriginalOBJFile": "female-29.obj",
      "OriginalJSONFile": "female-29.json",
      "TargetOBJFile": "female-29-Long-9.obj",
      "TargetJSONFile": "female-29-Long-9.json",
      "Folder": ".",
      "FallOffType": "",
      "Modifications": [
        {
          "Feature-abbrv": "v",
          "Delta-Magnitude-X": "0",
          "Delta-Magnitude-Y": "4.5",
          "Delta-Magnitude-Z": "0",
          "InfluenceRadius": "135",
          "TransformationType": "Translation"
        },
        {
          "Feature-abbrv": "me",
          "Delta-Magnitude-X": "0",
          "Delta-Magnitude-Y": "-4.5",
          "Delta-Magnitude-Z": "0",
          "InfluenceRadius": "135",
          "TransformationType": "Translation"
        }
      ]
    },
    {
      "threeDModel": "female-29",
      "OriginalOBJFile": "female-29.obj",
      "OriginalJSONFile": "female-29.json",
      "TargetOBJFile": "female-29-Short-27.obj",
      "TargetJSONFile": "female-29-Short-27.json",
      "Folder": ".",
      "FallOffType": "",
      "Modifications": [
        {
          "Feature-abbrv": "v",
          "Delta-Magnitude-X": "0",
          "Delta-Magnitude-Y": "-13",
          "Delta-Magnitude-Z": "0",
          "InfluenceRadius": "135",
          "TransformationType": "Translation"
        },
        {
          "Feature-abbrv": "me",
          "Delta-Magnitude-X": "0",
          "Delta-Magnitude-Y": "13",
          "Delta-Magnitude-Z": "0",
          "InfluenceRadius": "135",
          "TransformationType": "Translation"
        }
      ]
    },
    {
      "threeDModel": "female-29",
      "OriginalOBJFile": "female-29.obj",
      "OriginalJSONFile": "female-29.json",
      "TargetOBJFile": "female-29-Short-21.obj",
      "TargetJSONFile": "female-29-Short-21.json",
      "Folder": ".",
      "FallOffType": "",
      "Modifications": [
        {
          "Feature-abbrv": "v",
          "Delta-Magnitude-X": "0",
          "Delta-Magnitude-Y": "-10.5",
          "Delta-Magnitude-Z": "0",
          "InfluenceRadius": "135",
          "TransformationType": "Translation"
        },
        {
          "Feature-abbrv": "me",
          "Delta-Magnitude-X": "0",
          "Delta-Magnitude-Y": "10.5",
          "Delta-Magnitude-Z": "0",
          "InfluenceRadius": "135",
          "TransformationType": "Translation"
        }
      ]
    },
    {
      "threeDModel": "female-29",
      "OriginalOBJFile": "female-29.obj",
      "OriginalJSONFile": "female-29.json",
      "TargetOBJFile": "female-29-Short-18.obj",
      "TargetJSONFile": "female-29-Short-18.json",
      "Folder": ".",
      "FallOffType": "",
      "Modifications": [
        {
          "Feature-abbrv": "v",
          "Delta-Magnitude-X": "0",
          "Delta-Magnitude-Y": "-9",
          "Delta-Magnitude-Z": "0",
          "InfluenceRadius": "135",
          "TransformationType": "Translation"
        },
        {
          "Feature-abbrv": "me",
          "Delta-Magnitude-X": "0",
          "Delta-Magnitude-Y": "9",
          "Delta-Magnitude-Z": "0",
          "InfluenceRadius": "135",
          "TransformationType": "Translation"
        }
      ]
    },
    {
      "threeDModel": "female-29",
      "OriginalOBJFile": "female-29.obj",
      "OriginalJSONFile": "female-29.json",
      "TargetOBJFile": "female-29-Short-9.obj",
      "TargetJSONFile": "female-29-Short-9.json",
      "Folder": ".",
      "FallOffType": "",
      "Modifications": [
        {
          "Feature-abbrv": "v",
          "Delta-Magnitude-X": "0",
          "Delta-Magnitude-Y": "-4.5",
          "Delta-Magnitude-Z": "0",
          "InfluenceRadius": "135",
          "TransformationType": "Translation"
        },
        {
          "Feature-abbrv": "me",
          "Delta-Magnitude-X": "0",
          "Delta-Magnitude-Y": "4.5",
          "Delta-Magnitude-Z": "0",
          "InfluenceRadius": "135",
          "TransformationType": "Translation"
        }
      ]
    },
    {
      "threeDModel": "female-29",
      "OriginalOBJFile": "female-29.obj",
      "OriginalJSONFile": "female-29.json",
      "TargetOBJFile": "female-29-Wide-15.obj",
      "TargetJSONFile": "female-29-Wide-15.json",
      "Folder": ".",
      "FallOffType": "",
      "Modifications": [
        {
          "Feature-abbrv": "t_r",
          "Delta-Magnitude-X": "7.5",
          "Delta-Magnitude-Y": "0",
          "Delta-Magnitude-Z": "0",
          "InfluenceRadius": "100",
          "TransformationType": "Translation"
        },
        {
          "Feature-abbrv": "t_l",
          "Delta-Magnitude-X": "-7.5",
          "Delta-Magnitude-Y": "0",
          "Delta-Magnitude-Z": "0",
          "InfluenceRadius": "100",
          "TransformationType": "Translation"
        }
      ]
    },
    {
      "threeDModel": "female-29",
      "OriginalOBJFile": "female-29.obj",
      "OriginalJSONFile": "female-29.json",
      "TargetOBJFile": "female-29-Wide-125.obj",
      "TargetJSONFile": "female-29-Wide-125.json",
      "Folder": ".",
      "FallOffType": "",
      "Modifications": [
        {
          "Feature-abbrv": "t_r",
          "Delta-Magnitude-X": "6.25",
          "Delta-Magnitude-Y": "0",
          "Delta-Magnitude-Z": "0",
          "InfluenceRadius": "100",
          "TransformationType": "Translation"
        },
        {
          "Feature-abbrv": "t_l",
          "Delta-Magnitude-X": "-6.25",
          "Delta-Magnitude-Y": "0",
          "Delta-Magnitude-Z": "0",
          "InfluenceRadius": "100",
          "TransformationType": "Translation"
        }
      ]
    },
    {
      "threeDModel": "female-29",
      "OriginalOBJFile": "female-29.obj",
      "OriginalJSONFile": "female-29.json",
      "TargetOBJFile": "female-29-Wide-10.obj",
      "TargetJSONFile": "female-29-Wide-10.json",
      "Folder": ".",
      "FallOffType": "",
      "Modifications": [
        {
          "Feature-abbrv": "t_r",
          "Delta-Magnitude-X": "5",
          "Delta-Magnitude-Y": "0",
          "Delta-Magnitude-Z": "0",
          "InfluenceRadius": "100",
          "TransformationType": "Translation"
        },
        {
          "Feature-abbrv": "t_l",
          "Delta-Magnitude-X": "5",
          "Delta-Magnitude-Y": "0",
          "Delta-Magnitude-Z": "0",
          "InfluenceRadius": "100",
          "TransformationType": "Translation"
        }
      ]
    },
    {
      "threeDModel": "female-29",
      "OriginalOBJFile": "female-29.obj",
      "OriginalJSONFile": "female-29.json",
      "TargetOBJFile": "female-29-Wide-75.obj",
      "TargetJSONFile": "female-29-Wide-75.json",
      "Folder": ".",
      "FallOffType": "",
      "Modifications": [
        {
          "Feature-abbrv": "t_r",
          "Delta-Magnitude-X": "3.75",
          "Delta-Magnitude-Y": "0",
          "Delta-Magnitude-Z": "0",
          "InfluenceRadius": "100",
          "TransformationType": "Translation"
        },
        {
          "Feature-abbrv": "t_l",
          "Delta-Magnitude-X": "-3.75",
          "Delta-Magnitude-Y": "0",
          "Delta-Magnitude-Z": "0",
          "InfluenceRadius": "100",
          "TransformationType": "Translation"
        }
      ]
    },
    {
      "threeDModel": "female-29",
      "OriginalOBJFile": "female-29.obj",
      "OriginalJSONFile": "female-29.json",
      "TargetOBJFile": "female-29-Narrow-15.obj",
      "TargetJSONFile": "female-29-Narrow-15.json",
      "Folder": ".",
      "FallOffType": "",
      "Modifications": [
        {
          "Feature-abbrv": "t_r",
          "Delta-Magnitude-X": "-7.5",
          "Delta-Magnitude-Y": "0",
          "Delta-Magnitude-Z": "0",
          "InfluenceRadius": "100",
          "TransformationType": "Translation"
        },
        {
          "Feature-abbrv": "t_l",
          "Delta-Magnitude-X": "7.5",
          "Delta-Magnitude-Y": "0",
          "Delta-Magnitude-Z": "0",
          "InfluenceRadius": "100",
          "TransformationType": "Translation"
        }
      ]
    },
    {
      "threeDModel": "female-29",
      "OriginalOBJFile": "female-29.obj",
      "OriginalJSONFile": "female-29.json",
      "TargetOBJFile": "female-29-Narrow-125.obj",
      "TargetJSONFile": "female-29-Narrow-125.json",
      "Folder": ".",
      "FallOffType": "",
      "Modifications": [
        {
          "Feature-abbrv": "t_r",
          "Delta-Magnitude-X": "-6.25",
          "Delta-Magnitude-Y": "0",
          "Delta-Magnitude-Z": "0",
          "InfluenceRadius": "100",
          "TransformationType": "Translation"
        },
        {
          "Feature-abbrv": "t_l",
          "Delta-Magnitude-X": "6.25",
          "Delta-Magnitude-Y": "0",
          "Delta-Magnitude-Z": "0",
          "InfluenceRadius": "100",
          "TransformationType": "Translation"
        }
      ]
    },
    {
      "threeDModel": "female-29",
      "OriginalOBJFile": "female-29.obj",
      "OriginalJSONFile": "female-29.json",
      "TargetOBJFile": "female-29-Narrow-10.obj",
      "TargetJSONFile": "female-29-Narrow-10.json",
      "Folder": ".",
      "FallOffType": "",
      "Modifications": [
        {
          "Feature-abbrv": "t_r",
          "Delta-Magnitude-X": "-5",
          "Delta-Magnitude-Y": "0",
          "Delta-Magnitude-Z": "0",
          "InfluenceRadius": "100",
          "TransformationType": "Translation"
        },
        {
          "Feature-abbrv": "t_l",
          "Delta-Magnitude-X": "5",
          "Delta-Magnitude-Y": "0",
          "Delta-Magnitude-Z": "0",
          "InfluenceRadius": "100",
          "TransformationType": "Translation"
        }
      ]
    },
    {
      "threeDModel": "female-29",
      "OriginalOBJFile": "female-29.obj",
      "OriginalJSONFile": "female-29.json",
      "TargetOBJFile": "female-29-Narrow-75.obj",
      "TargetJSONFile": "female-29-Narrow-75.json",
      "Folder": ".",
      "FallOffType": "",
      "Modifications": [
        {
          "Feature-abbrv": "t_r",
          "Delta-Magnitude-X": "-3.75",
          "Delta-Magnitude-Y": "0",
          "Delta-Magnitude-Z": "0",
          "InfluenceRadius": "100",
          "TransformationType": "Translation"
        },
        {
          "Feature-abbrv": "t_l",
          "Delta-Magnitude-X": "3.75",
          "Delta-Magnitude-Y": "0",
          "Delta-Magnitude-Z": "0",
          "InfluenceRadius": "100",
          "TransformationType": "Translation"
        }
      ]
    }
  ]
}
