{
    "ModificationFiles": [
      {
        "threeDModel": "female-33",
        "OriginalOBJFile": "female-33.obj",
        "OriginalJSONFile": "female-33.json",
        "TargetOBJFile": "female-33-WideNose.obj",
        "TargetJSONFile": "female-33-Widenose.json",
        "Folder": ".",
        "FallOffType": "",
        "Modifications": [
          {
            "Feature-abbrv": "ac_l",
            "Delta-Magnitude-X": "-7",
            "Delta-Magnitude-Y": "0",
            "Delta-Magnitude-Z": "2.5",
            "InfluenceRadius": "15",
            "TransformationType": "Translation"
          },
          {
            "Feature-abbrv": "ac_r",
            "Delta-Magnitude-X": "7",
            "Delta-Magnitude-Y": "0",
            "Delta-Magnitude-Z": "2.5",
            "InfluenceRadius": "15",
            "TransformationType": "Translation"
          },
          {
            "Feature-abbrv": "al_l",
            "Delta-Magnitude-X": "-1.5",
            "Delta-Magnitude-Y": "0",
            "Delta-Magnitude-Z": "0",
            "InfluenceRadius": "15",
            "TransformationType": "Translation"
          },
          {
            "Feature-abbrv": "al_r",
            "Delta-Magnitude-X": "1.5",
            "Delta-Magnitude-Y": "0",
            "Delta-Magnitude-Z": "0",
            "InfluenceRadius": "15",
            "TransformationType": "Translation"
          },
          {
            "Feature-abbrv": "td_l",
            "Delta-Magnitude-X": "-1.5",
            "Delta-Magnitude-Y": "0",
            "Delta-Magnitude-Z": "0",
            "InfluenceRadius": "15",
            "TransformationType": "Translation"
          },
          {
            "Feature-abbrv": "td_r",
            "Delta-Magnitude-X": "1.5",
            "Delta-Magnitude-Y": "0",
            "Delta-Magnitude-Z": "0",
            "InfluenceRadius": "15",
            "TransformationType": "Translation"
          },
          {
            "Feature-abbrv": "ma_l",
            "Delta-Magnitude-X": "-2.2",
            "Delta-Magnitude-Y": "0",
            "Delta-Magnitude-Z": "0",
            "InfluenceRadius": "15",
            "TransformationType": "Translation"
          },
          {
            "Feature-abbrv": "ma_r",
            "Delta-Magnitude-X": "2.2",
            "Delta-Magnitude-Y": "0",
            "Delta-Magnitude-Z": "0",
            "InfluenceRadius": "15",
            "TransformationType": "Translation"
          },
          {
            "Feature-abbrv": "mf_l",
            "Delta-Magnitude-X": "-2",
            "Delta-Magnitude-Y": "0",
            "Delta-Magnitude-Z": "0",
            "InfluenceRadius": "15",
            "TransformationType": "Translation"
          },
          {
            "Feature-abbrv": "mf_r",
            "Delta-Magnitude-X": "2",
            "Delta-Magnitude-Y": "0",
            "Delta-Magnitude-Z": "0",
            "InfluenceRadius": "15",
            "TransformationType": "Translation"
          },
          {
            "Feature-abbrv": "np_l",
            "Delta-Magnitude-X": "-1.5",
            "Delta-Magnitude-Y": "0",
            "Delta-Magnitude-Z": "0",
            "InfluenceRadius": "25",
            "TransformationType": "Translation"
          },
          {
            "Feature-abbrv": "np_r",
            "Delta-Magnitude-X": "1.5",
            "Delta-Magnitude-Y": "0",
            "Delta-Magnitude-Z": "0",
            "InfluenceRadius": "25",
            "TransformationType": "Translation"
          }
        ]
      },
      {
        "threeDModel": "female-33",
        "OriginalOBJFile": "female-33.obj",
        "OriginalJSONFile": "female-33.json",
        "TargetOBJFile": "female-33-DroopingTip.obj",
        "TargetJSONFile": "female-33-DroopingTip.json",
        "Folder": ".",
        "FallOffType": "",
        "Modifications": [
          {
            "Feature-abbrv": "td_r",
            "Delta-Magnitude-X": "0",
            "Delta-Magnitude-Y": "-3",
            "Delta-Magnitude-Z": "-4.5",
            "InfluenceRadius": "20",
            "TransformationType": "Translation"
          },
          {
            "Feature-abbrv": "td_l",
            "Delta-Magnitude-X": "0",
            "Delta-Magnitude-Y": "-3",
            "Delta-Magnitude-Z": "-4.5",
            "InfluenceRadius": "20",
            "TransformationType": "Translation"
          },
          {
            "Feature-abbrv": "prn",
            "Delta-Magnitude-X": "0",
            "Delta-Magnitude-Y": "0",
            "Delta-Magnitude-Z": "-2",
            "InfluenceRadius": "20",
            "TransformationType": "Translation"
          },
          {
            "Feature-abbrv": "s",
            "Delta-Magnitude-X": "0",
            "Delta-Magnitude-Y": "1",
            "Delta-Magnitude-Z": "1",
            "InfluenceRadius": "20",
            "TransformationType": "Translation"
          },
          {
            "Feature-abbrv": "sn",
            "Delta-Magnitude-X": "0",
            "Delta-Magnitude-Y": "-2",
            "Delta-Magnitude-Z": "-2",
            "InfluenceRadius": "20",
            "TransformationType": "Translation"
          }
        ]
      },
      {
        "threeDModel": "female-33",
        "OriginalOBJFile": "female-33.obj",
        "OriginalJSONFile": "female-33.json",
        "TargetOBJFile": "female-33-Saddle.obj",
        "TargetJSONFile": "female-33-Saddle.json",
        "Folder": ".",
        "FallOffType": "",
        "Modifications": [
          {
            "Feature-abbrv": "prn",
            "Delta-Magnitude-X": "0",
            "Delta-Magnitude-Y": "-0.3",
            "Delta-Magnitude-Z": "4",
            "InfluenceRadius": "20",
            "TransformationType": "Translation"
          },
          {
            "Feature-abbrv": "s",
            "Delta-Magnitude-X": "0",
            "Delta-Magnitude-Y": "0.8",
            "Delta-Magnitude-Z": "-3",
            "InfluenceRadius": "20",
            "TransformationType": "Translation"
          },
          {
            "Feature-abbrv": "r",
            "Delta-Magnitude-X": "0",
            "Delta-Magnitude-Y": "0",
            "Delta-Magnitude-Z": "1",
            "InfluenceRadius": "20",
            "TransformationType": "Translation"
          }
        ]
      },
      {
        "threeDModel": "female-33",
        "OriginalOBJFile": "female-33.obj",
        "OriginalJSONFile": "female-33.json",
        "TargetOBJFile": "female-33-Hump.obj",
        "TargetJSONFile": "female-33-Hump.json",
        "Folder": ".",
        "FallOffType": "",
        "Modifications": [
          {
            "Feature-abbrv": "r",
            "Delta-Magnitude-X": "0",
            "Delta-Magnitude-Y": "-3",
            "Delta-Magnitude-Z": "2",
            "InfluenceRadius": "20",
            "TransformationType": "Translation"
          },
          {
            "Feature-abbrv": "prn",
            "Delta-Magnitude-X": "0",
            "Delta-Magnitude-Y": "1",
            "Delta-Magnitude-Z": "-1",
            "InfluenceRadius": "20",
            "TransformationType": "Translation"
          }
        ]
      },
      {
        "threeDModel": "female-33",
        "OriginalOBJFile": "female-33.obj",
        "OriginalJSONFile": "female-33.json",
        "TargetOBJFile": "female-33-Pinched.obj",
        "TargetJSONFile": "female-33-Pinched.json",
        "Folder": ".",
        "FallOffType": "",
          "Modifications": [{
                  "Feature-abbrv": "al_l",
                  "Delta-Magnitude-X": "-3.5",
                  "Delta-Magnitude-Y": "-1",
                  "Delta-Magnitude-Z": "1",
                  "InfluenceRadius": "10",
                  "TransformationType": "Translation"
              },
              {
                  "Feature-abbrv": "al_r",
                  "Delta-Magnitude-X": "3.5",
                  "Delta-Magnitude-Y": "-1",
                  "Delta-Magnitude-Z": "1",
                  "InfluenceRadius": "10",
                  "TransformationType": "Translation"
              },
              {
                  "Feature-abbrv": "td_r",
                  "Delta-Magnitude-X": "-4",
                  "Delta-Magnitude-Y": "0",
                  "Delta-Magnitude-Z": "1",
                  "InfluenceRadius": "20",
                  "TransformationType": "Translation"
              },
              {
                  "Feature-abbrv": "td_l",
                  "Delta-Magnitude-X": "4",
                  "Delta-Magnitude-Y": "0",
                  "Delta-Magnitude-Z": "1",
                  "InfluenceRadius": "20",
                  "TransformationType": "Translation"
              },
              {
                  "Feature-abbrv": "prn",
                  "Delta-Magnitude-X": "0",
                  "Delta-Magnitude-Y": "2",
                  "Delta-Magnitude-Z": "2",
                  "InfluenceRadius": "20",
                  "TransformationType": "Translation"
              }
          ]
      },
      {
        "threeDModel": "female-33",
        "OriginalOBJFile": "female-33.obj",
        "OriginalJSONFile": "female-33.json",
        "TargetOBJFile": "female-33-Large.obj",
        "TargetJSONFile": "female-33-Large.json",
        "Folder": ".",
        "FallOffType": "",
        "Modifications": [
          {
            "Feature-abbrv": "td_r",
            "Delta-Magnitude-X": "4",
            "Delta-Magnitude-Y": "0",
            "Delta-Magnitude-Z": "0",
            "InfluenceRadius": "20",
            "TransformationType": "Translation"
          },
          {
            "Feature-abbrv": "td_l",
            "Delta-Magnitude-X": "-4",
            "Delta-Magnitude-Y": "0",
            "Delta-Magnitude-Z": "0",
            "InfluenceRadius": "20",
            "TransformationType": "Translation"
          },
          {
            "Feature-abbrv": "ac_l",
            "Delta-Magnitude-X": "-5",
            "Delta-Magnitude-Y": "0",
            "Delta-Magnitude-Z": "0",
            "InfluenceRadius": "20",
            "TransformationType": "Translation"
          },
          {
            "Feature-abbrv": "ac_r",
            "Delta-Magnitude-X": "5",
            "Delta-Magnitude-Y": "0",
            "Delta-Magnitude-Z": "0",
            "InfluenceRadius": "20",
            "TransformationType": "Translation"
          },
          {
            "Feature-abbrv": "sn",
            "Delta-Magnitude-X": "0",
            "Delta-Magnitude-Y": "0",
            "Delta-Magnitude-Z": "-3",
            "InfluenceRadius": "20",
            "TransformationType": "Translation"
          },
          {
            "Feature-abbrv": "prn",
            "Delta-Magnitude-X": "0",
            "Delta-Magnitude-Y": "-5",
            "Delta-Magnitude-Z": "0",
            "InfluenceRadius": "20",
            "TransformationType": "Translation"
          },
          {
            "Feature-abbrv": "n",
            "Delta-Magnitude-X": "0",
            "Delta-Magnitude-Y": "-4",
            "Delta-Magnitude-Z": "0",
            "InfluenceRadius": "20",
            "TransformationType": "Translation"
          },
          {
            "Feature-abbrv": "r",
            "Delta-Magnitude-X": "0",
            "Delta-Magnitude-Y": "-5",
            "Delta-Magnitude-Z": "-3",
            "InfluenceRadius": "20",
            "TransformationType": "Translation"
          }
        ]
      },
      {
        "threeDModel": "female-33",
        "OriginalOBJFile": "female-33.obj",
        "OriginalJSONFile": "female-33.json",
        "TargetOBJFile": "female-33-Crooked.obj",
        "TargetJSONFile": "female-33-Crooked.json",
        "Folder": ".",
        "FallOffType": "",
        "Modifications": [
          {
            "Feature-abbrv": "prn",
            "Delta-Magnitude-X": "4",
            "Delta-Magnitude-Y": "0",
            "Delta-Magnitude-Z": "0",
            "InfluenceRadius": "20",
            "TransformationType": "Translation"
          },
          {
            "Feature-abbrv": "r",
            "Delta-Magnitude-X": "-5",
            "Delta-Magnitude-Y": "0.5",
            "Delta-Magnitude-Z": "0",
            "InfluenceRadius": "15",
            "TransformationType": "Translation"
          }
        ]
      },
      {
        "threeDModel": "female-33",
        "OriginalOBJFile": "female-33.obj",
        "OriginalJSONFile": "female-33.json",
        "TargetOBJFile": "female-33-Snub.obj",
        "TargetJSONFile": "female-33-Snub.json",
        "Folder": ".",
        "FallOffType": "",
        "Modifications": [
            {
              "Feature-abbrv": "s",
              "Delta-Magnitude-X": "0",
              "Delta-Magnitude-Y": "-4",
              "Delta-Magnitude-Z": "-6",
              "InfluenceRadius": "20",
              "TransformationType": "Translation"
            },
            {
              "Feature-abbrv": "r",
              "Delta-Magnitude-X": "0",
              "Delta-Magnitude-Y": "-1",
              "Delta-Magnitude-Z": "-2",
              "InfluenceRadius": "25",
              "TransformationType": "Translation"
            },
            {
              "Feature-abbrv": "prn",
              "Delta-Magnitude-X": "0",
              "Delta-Magnitude-Y": "2",
              "Delta-Magnitude-Z": "4",
              "InfluenceRadius": "20",
              "TransformationType": "Translation"
            },
            {
              "Feature-abbrv": "td_l",
              "Delta-Magnitude-X": "-1.4",
              "Delta-Magnitude-Y": "0",
              "Delta-Magnitude-Z": "0",
              "InfluenceRadius": "15",
              "TransformationType": "Translation"
            },
            {
              "Feature-abbrv": "td_r",
              "Delta-Magnitude-X": "1.4",
              "Delta-Magnitude-Y": "0",
              "Delta-Magnitude-Z": "0",
              "InfluenceRadius": "15",
              "TransformationType": "Translation"
            },
            {
              "Feature-abbrv": "al_l",
              "Delta-Magnitude-X": "-1.4",
              "Delta-Magnitude-Y": "0",
              "Delta-Magnitude-Z": "0",
              "InfluenceRadius": "15",
              "TransformationType": "Translation"
            },
            {
              "Feature-abbrv": "al_r",
              "Delta-Magnitude-X": "1.4",
              "Delta-Magnitude-Y": "0",
              "Delta-Magnitude-Z": "0",
              "InfluenceRadius": "15",
              "TransformationType": "Translation"
            }
        ]
      },
      {
        "threeDModel": "female-33",
        "OriginalOBJFile": "female-33.obj",
        "OriginalJSONFile": "female-33.json",
        "TargetOBJFile": "female-33-Hooked.obj",
        "TargetJSONFile": "female-33-Hooked.json",
        "Folder": ".",
        "FallOffType": "",
        "Modifications": [
          {
            "Feature-abbrv": "cb",
            "Delta-Magnitude-X": "-1.4",
            "Delta-Magnitude-Y": "-2.4",
            "Delta-Magnitude-Z": "-2.2",
            "InfluenceRadius": "10",
            "TransformationType": "Translation"
          },
          
          {
            "Feature-abbrv": "np_l",
            "Delta-Magnitude-X": "2",
            "Delta-Magnitude-Y": "2",
            "Delta-Magnitude-Z": "0.5",
            "InfluenceRadius": "10",
            "TransformationType": "Translation"
          },
          {
            "Feature-abbrv": "np_r",
            "Delta-Magnitude-X": "-2",
            "Delta-Magnitude-Y": "2",
            "Delta-Magnitude-Z": "0.5",
            "InfluenceRadius": "10",
            "TransformationType": "Translation"
          },
          {
            "Feature-abbrv": "prn",
            "Delta-Magnitude-X": "-2",
            "Delta-Magnitude-Y": "-1",
            "Delta-Magnitude-Z": "-4",
            "InfluenceRadius": "20",
            "TransformationType": "Translation"
          },
          {
            "Feature-abbrv": "r",
            "Delta-Magnitude-X": "0",
            "Delta-Magnitude-Y": "-1",
            "Delta-Magnitude-Z": "1",
            "InfluenceRadius": "20",
            "TransformationType": "Translation"
          },
          
          {
            "Feature-abbrv": "s",
            "Delta-Magnitude-X": "-1",
            "Delta-Magnitude-Y": "-1",
            "Delta-Magnitude-Z": "1",
            "InfluenceRadius": "20",
            "TransformationType": "Translation"
          },
          {
            "Feature-abbrv": "td_l",
            "Delta-Magnitude-X": "-1",
            "Delta-Magnitude-Y": "-2",
            "Delta-Magnitude-Z": "-2",
            "InfluenceRadius": "10",
            "TransformationType": "Translation"
          },
          {
            "Feature-abbrv": "td_r",
            "Delta-Magnitude-X": "1",
            "Delta-Magnitude-Y": "-2",
            "Delta-Magnitude-Z": "-2",
            "InfluenceRadius": "10",
            "TransformationType": "Translation"
          }
        ]
      }
  
    ]
  }
  