{
  "ModificationFiles": [
    {
      "threeDModel": "female-40",
      "OriginalOBJFile": "female-40.obj",
      "OriginalJSONFile": "female-40.json",
      "TargetOBJFile": "female-40-WideNose-05.obj",
      "TargetJSONFile": "female-40-Widenose-05.json",
      "Folder": ".",
      "FallOffType": "",
      "Modifications": [
        {
          "Feature-abbrv": "ac_l",
          "Delta-Magnitude-X": "-3.5",
          "Delta-Magnitude-Y": "0",
          "Delta-Magnitude-Z": "1.25",
          "InfluenceRadius": "15",
          "TransformationType": "Translation"
        },
        {
          "Feature-abbrv": "ac_r",
          "Delta-Magnitude-X": "3.5",
          "Delta-Magnitude-Y": "0",
          "Delta-Magnitude-Z": "1.25",
          "InfluenceRadius": "15",
          "TransformationType": "Translation"
        },
        {
          "Feature-abbrv": "al_l",
          "Delta-Magnitude-X": "-0.75",
          "Delta-Magnitude-Y": "0",
          "Delta-Magnitude-Z": "0",
          "InfluenceRadius": "15",
          "TransformationType": "Translation"
        },
        {
          "Feature-abbrv": "al_r",
          "Delta-Magnitude-X": "0.75",
          "Delta-Magnitude-Y": "0",
          "Delta-Magnitude-Z": "0",
          "InfluenceRadius": "15",
          "TransformationType": "Translation"
        },
        {
          "Feature-abbrv": "td_l",
          "Delta-Magnitude-X": "-0.75",
          "Delta-Magnitude-Y": "0",
          "Delta-Magnitude-Z": "0",
          "InfluenceRadius": "15",
          "TransformationType": "Translation"
        },
        {
          "Feature-abbrv": "td_r",
          "Delta-Magnitude-X": "0.75",
          "Delta-Magnitude-Y": "0",
          "Delta-Magnitude-Z": "0",
          "InfluenceRadius": "15",
          "TransformationType": "Translation"
        },
        {
          "Feature-abbrv": "ma_l",
          "Delta-Magnitude-X": "-1.1",
          "Delta-Magnitude-Y": "0",
          "Delta-Magnitude-Z": "0",
          "InfluenceRadius": "15",
          "TransformationType": "Translation"
        },
        {
          "Feature-abbrv": "ma_r",
          "Delta-Magnitude-X": "1.1",
          "Delta-Magnitude-Y": "0",
          "Delta-Magnitude-Z": "0",
          "InfluenceRadius": "15",
          "TransformationType": "Translation"
        },
        {
          "Feature-abbrv": "mf_l",
          "Delta-Magnitude-X": "-1",
          "Delta-Magnitude-Y": "0",
          "Delta-Magnitude-Z": "0",
          "InfluenceRadius": "15",
          "TransformationType": "Translation"
        },
        {
          "Feature-abbrv": "mf_r",
          "Delta-Magnitude-X": "1",
          "Delta-Magnitude-Y": "0",
          "Delta-Magnitude-Z": "0",
          "InfluenceRadius": "15",
          "TransformationType": "Translation"
        },
        {
          "Feature-abbrv": "np_l",
          "Delta-Magnitude-X": "-0.75",
          "Delta-Magnitude-Y": "0",
          "Delta-Magnitude-Z": "0",
          "InfluenceRadius": "25",
          "TransformationType": "Translation"
        },
        {
          "Feature-abbrv": "np_r",
          "Delta-Magnitude-X": "0.75",
          "Delta-Magnitude-Y": "0",
          "Delta-Magnitude-Z": "0",
          "InfluenceRadius": "25",
          "TransformationType": "Translation"
        }
      ]
    },
    {
      "threeDModel": "female-40",
      "OriginalOBJFile": "female-40.obj",
      "OriginalJSONFile": "female-40.json",
      "TargetOBJFile": "female-40-DroopingTip-05.obj",
      "TargetJSONFile": "female-40-DroopingTip-05.json",
      "Folder": ".",
      "FallOffType": "",
      "Modifications": [
        {
          "Feature-abbrv": "td_r",
          "Delta-Magnitude-X": "0",
          "Delta-Magnitude-Y": "-1.5",
          "Delta-Magnitude-Z": "-2.25",
          "InfluenceRadius": "20",
          "TransformationType": "Translation"
        },
        {
          "Feature-abbrv": "td_l",
          "Delta-Magnitude-X": "0",
          "Delta-Magnitude-Y": "-1.5",
          "Delta-Magnitude-Z": "-2.25",
          "InfluenceRadius": "20",
          "TransformationType": "Translation"
        },
        {
          "Feature-abbrv": "prn",
          "Delta-Magnitude-X": "0",
          "Delta-Magnitude-Y": "0",
          "Delta-Magnitude-Z": "-1",
          "InfluenceRadius": "20",
          "TransformationType": "Translation"
        },
        {
          "Feature-abbrv": "s",
          "Delta-Magnitude-X": "0",
          "Delta-Magnitude-Y": "0.5",
          "Delta-Magnitude-Z": "0.5",
          "InfluenceRadius": "20",
          "TransformationType": "Translation"
        },
        {
          "Feature-abbrv": "sn",
          "Delta-Magnitude-X": "0",
          "Delta-Magnitude-Y": "-1",
          "Delta-Magnitude-Z": "-1",
          "InfluenceRadius": "20",
          "TransformationType": "Translation"
        }
      ]
    },
    {
      "threeDModel": "female-40",
      "OriginalOBJFile": "female-40.obj",
      "OriginalJSONFile": "female-40.json",
      "TargetOBJFile": "female-40-Saddle-05.obj",
      "TargetJSONFile": "female-40-Saddle-05.json",
      "Folder": ".",
      "FallOffType": "",
      "Modifications": [
        {
          "Feature-abbrv": "prn",
          "Delta-Magnitude-X": "0",
          "Delta-Magnitude-Y": "-0.15",
          "Delta-Magnitude-Z": "2",
          "InfluenceRadius": "20",
          "TransformationType": "Translation"
        },
        {
          "Feature-abbrv": "s",
          "Delta-Magnitude-X": "0",
          "Delta-Magnitude-Y": "0.4",
          "Delta-Magnitude-Z": "-1.5",
          "InfluenceRadius": "20",
          "TransformationType": "Translation"
        },
        {
          "Feature-abbrv": "r",
          "Delta-Magnitude-X": "0",
          "Delta-Magnitude-Y": "0",
          "Delta-Magnitude-Z": "0.5",
          "InfluenceRadius": "20",
          "TransformationType": "Translation"
        }
      ]
    },
    {
      "threeDModel": "female-40",
      "OriginalOBJFile": "female-40.obj",
      "OriginalJSONFile": "female-40.json",
      "TargetOBJFile": "female-40-Hump-05.obj",
      "TargetJSONFile": "female-40-Hump-05.json",
      "Folder": ".",
      "FallOffType": "",
      "Modifications": [
        {
          "Feature-abbrv": "r",
          "Delta-Magnitude-X": "0",
          "Delta-Magnitude-Y": "-1.5",
          "Delta-Magnitude-Z": "1",
          "InfluenceRadius": "20",
          "TransformationType": "Translation"
        },
        {
          "Feature-abbrv": "prn",
          "Delta-Magnitude-X": "0",
          "Delta-Magnitude-Y": "0.5",
          "Delta-Magnitude-Z": "-0.5",
          "InfluenceRadius": "20",
          "TransformationType": "Translation"
        }
      ]
    },
    {
      "threeDModel": "female-40",
      "OriginalOBJFile": "female-40.obj",
      "OriginalJSONFile": "female-40.json",
      "TargetOBJFile": "female-40-Pinched-05.obj",
      "TargetJSONFile": "female-40-Pinched-05.json",
      "Folder": ".",
      "FallOffType": "",
        "Modifications": [{
                "Feature-abbrv": "al_l",
                "Delta-Magnitude-X": "-1.75",
                "Delta-Magnitude-Y": "-0.5",
                "Delta-Magnitude-Z": "0.5",
                "InfluenceRadius": "10",
                "TransformationType": "Translation"
            },
            {
                "Feature-abbrv": "al_r",
                "Delta-Magnitude-X": "1.75",
                "Delta-Magnitude-Y": "-0.5",
                "Delta-Magnitude-Z": "0.5",
                "InfluenceRadius": "10",
                "TransformationType": "Translation"
            },
            {
                "Feature-abbrv": "td_r",
                "Delta-Magnitude-X": "-2",
                "Delta-Magnitude-Y": "0",
                "Delta-Magnitude-Z": "0.5",
                "InfluenceRadius": "20",
                "TransformationType": "Translation"
            },
            {
                "Feature-abbrv": "td_l",
                "Delta-Magnitude-X": "2",
                "Delta-Magnitude-Y": "0",
                "Delta-Magnitude-Z": "0.5",
                "InfluenceRadius": "20",
                "TransformationType": "Translation"
            },
            {
                "Feature-abbrv": "prn",
                "Delta-Magnitude-X": "0",
                "Delta-Magnitude-Y": "1",
                "Delta-Magnitude-Z": "1",
                "InfluenceRadius": "20",
                "TransformationType": "Translation"
            }
        ]
    },
    {
      "threeDModel": "female-40",
      "OriginalOBJFile": "female-40.obj",
      "OriginalJSONFile": "female-40.json",
      "TargetOBJFile": "female-40-Large-05.obj",
      "TargetJSONFile": "female-40-Large-05.json",
      "Folder": ".",
      "FallOffType": "",
      "Modifications": [
        {
          "Feature-abbrv": "td_r",
          "Delta-Magnitude-X": "2",
          "Delta-Magnitude-Y": "0",
          "Delta-Magnitude-Z": "0",
          "InfluenceRadius": "20",
          "TransformationType": "Translation"
        },
        {
          "Feature-abbrv": "td_l",
          "Delta-Magnitude-X": "-2",
          "Delta-Magnitude-Y": "0",
          "Delta-Magnitude-Z": "0",
          "InfluenceRadius": "20",
          "TransformationType": "Translation"
        },
        {
          "Feature-abbrv": "ac_l",
          "Delta-Magnitude-X": "-2.5",
          "Delta-Magnitude-Y": "0",
          "Delta-Magnitude-Z": "0",
          "InfluenceRadius": "20",
          "TransformationType": "Translation"
        },
        {
          "Feature-abbrv": "ac_r",
          "Delta-Magnitude-X": "2.5",
          "Delta-Magnitude-Y": "0",
          "Delta-Magnitude-Z": "0",
          "InfluenceRadius": "20",
          "TransformationType": "Translation"
        },
        {
          "Feature-abbrv": "sn",
          "Delta-Magnitude-X": "0",
          "Delta-Magnitude-Y": "0",
          "Delta-Magnitude-Z": "-1.5",
          "InfluenceRadius": "20",
          "TransformationType": "Translation"
        },
        {
          "Feature-abbrv": "prn",
          "Delta-Magnitude-X": "0",
          "Delta-Magnitude-Y": "-2.5",
          "Delta-Magnitude-Z": "0",
          "InfluenceRadius": "20",
          "TransformationType": "Translation"
        },
        {
          "Feature-abbrv": "n",
          "Delta-Magnitude-X": "0",
          "Delta-Magnitude-Y": "-2",
          "Delta-Magnitude-Z": "0",
          "InfluenceRadius": "20",
          "TransformationType": "Translation"
        },
        {
          "Feature-abbrv": "r",
          "Delta-Magnitude-X": "0",
          "Delta-Magnitude-Y": "-2.5",
          "Delta-Magnitude-Z": "-1.5",
          "InfluenceRadius": "20",
          "TransformationType": "Translation"
        }
      ]
    },
    {
      "threeDModel": "female-40",
      "OriginalOBJFile": "female-40.obj",
      "OriginalJSONFile": "female-40.json",
      "TargetOBJFile": "female-40-Crooked-05.obj",
      "TargetJSONFile": "female-40-Crooked-05.json",
      "Folder": ".",
      "FallOffType": "",
      "Modifications": [
        {
          "Feature-abbrv": "prn",
          "Delta-Magnitude-X": "2",
          "Delta-Magnitude-Y": "0",
          "Delta-Magnitude-Z": "0",
          "InfluenceRadius": "20",
          "TransformationType": "Translation"
        },
        {
          "Feature-abbrv": "r",
          "Delta-Magnitude-X": "-2.5",
          "Delta-Magnitude-Y": "0.25",
          "Delta-Magnitude-Z": "0",
          "InfluenceRadius": "15",
          "TransformationType": "Translation"
        }
      ]
    },
    {
      "threeDModel": "female-40",
      "OriginalOBJFile": "female-40.obj",
      "OriginalJSONFile": "female-40.json",
      "TargetOBJFile": "female-40-Snub-05.obj",
      "TargetJSONFile": "female-40-Snub-05.json",
      "Folder": ".",
      "FallOffType": "",
      "Modifications": [
          {
            "Feature-abbrv": "s",
            "Delta-Magnitude-X": "0",
            "Delta-Magnitude-Y": "-2",
            "Delta-Magnitude-Z": "-3",
            "InfluenceRadius": "20",
            "TransformationType": "Translation"
          },
          {
            "Feature-abbrv": "r",
            "Delta-Magnitude-X": "0",
            "Delta-Magnitude-Y": "-0.5",
            "Delta-Magnitude-Z": "-1",
            "InfluenceRadius": "25",
            "TransformationType": "Translation"
          },
          {
            "Feature-abbrv": "prn",
            "Delta-Magnitude-X": "0",
            "Delta-Magnitude-Y": "1",
            "Delta-Magnitude-Z": "2",
            "InfluenceRadius": "20",
            "TransformationType": "Translation"
          },
          {
            "Feature-abbrv": "td_l",
            "Delta-Magnitude-X": "-0.7",
            "Delta-Magnitude-Y": "0",
            "Delta-Magnitude-Z": "0",
            "InfluenceRadius": "15",
            "TransformationType": "Translation"
          },
          {
            "Feature-abbrv": "td_r",
            "Delta-Magnitude-X": "0.7",
            "Delta-Magnitude-Y": "0",
            "Delta-Magnitude-Z": "0",
            "InfluenceRadius": "15",
            "TransformationType": "Translation"
          },
          {
            "Feature-abbrv": "al_l",
            "Delta-Magnitude-X": "-0.7",
            "Delta-Magnitude-Y": "0",
            "Delta-Magnitude-Z": "0",
            "InfluenceRadius": "15",
            "TransformationType": "Translation"
          },
          {
            "Feature-abbrv": "al_r",
            "Delta-Magnitude-X": "0.7",
            "Delta-Magnitude-Y": "0",
            "Delta-Magnitude-Z": "0",
            "InfluenceRadius": "15",
            "TransformationType": "Translation"
          }
      ]
    },
    {
      "threeDModel": "female-40",
      "OriginalOBJFile": "female-40.obj",
      "OriginalJSONFile": "female-40.json",
      "TargetOBJFile": "female-40-Hooked-05.obj",
      "TargetJSONFile": "female-40-Hooked-05.json",
      "Folder": ".",
      "FallOffType": "",
      "Modifications": [
        {
          "Feature-abbrv": "cb",
          "Delta-Magnitude-X": "-0.7",
          "Delta-Magnitude-Y": "-1.2",
          "Delta-Magnitude-Z": "-1.1",
          "InfluenceRadius": "10",
          "TransformationType": "Translation"
        },
        
        {
          "Feature-abbrv": "np_l",
          "Delta-Magnitude-X": "1",
          "Delta-Magnitude-Y": "1",
          "Delta-Magnitude-Z": "0.25",
          "InfluenceRadius": "10",
          "TransformationType": "Translation"
        },
        {
          "Feature-abbrv": "np_r",
          "Delta-Magnitude-X": "-1",
          "Delta-Magnitude-Y": "1",
          "Delta-Magnitude-Z": "0.25",
          "InfluenceRadius": "10",
          "TransformationType": "Translation"
        },
        {
          "Feature-abbrv": "prn",
          "Delta-Magnitude-X": "-1",
          "Delta-Magnitude-Y": "-0.5",
          "Delta-Magnitude-Z": "-2",
          "InfluenceRadius": "20",
          "TransformationType": "Translation"
        },
        {
          "Feature-abbrv": "r",
          "Delta-Magnitude-X": "0",
          "Delta-Magnitude-Y": "-0.5",
          "Delta-Magnitude-Z": "0.5",
          "InfluenceRadius": "20",
          "TransformationType": "Translation"
        },
        
        {
          "Feature-abbrv": "s",
          "Delta-Magnitude-X": "-0.5",
          "Delta-Magnitude-Y": "-0.5",
          "Delta-Magnitude-Z": "0.5",
          "InfluenceRadius": "20",
          "TransformationType": "Translation"
        },
        {
          "Feature-abbrv": "td_l",
          "Delta-Magnitude-X": "-0.5",
          "Delta-Magnitude-Y": "-1",
          "Delta-Magnitude-Z": "-1",
          "InfluenceRadius": "10",
          "TransformationType": "Translation"
        },
        {
          "Feature-abbrv": "td_r",
          "Delta-Magnitude-X": "0.5",
          "Delta-Magnitude-Y": "-1",
          "Delta-Magnitude-Z": "-1",
          "InfluenceRadius": "10",
          "TransformationType": "Translation"
        }
      ]
    }

  ]
}
