{
    "threeDModel": "female-59",
    "gender": "",
    "age": "",
    "features": [
        {
            "id": "Alar_Crest/Alar_Curvature/Alar_Base_Junction/Alar-Facial_Groove/Alar-Cheek_Junction/Alar_Crease_left",
            "name": "Alar Base Junction/Alar Crease - left",
            "abbrv": "ac_l",
            "list": "Y",
            "imageFile": "feature_point_alar_crest_left-basal.png",
            "description": "The junction between the left alar crease and the cheek.",
            "references": "(10)",
            "usedInMeasurements": [
                "Ala/Alar_Length_(left)",
                "Ala/Alar_Length_(left)_Surface",
                "Alar_Base_Width",
                "Alar_Base_Width_Surface",
                "Premaxilla_-_left",
                "Premaxilla_-_left_Surface",
                "Lobule_-_Base_Ratio",
                "Nasal_Tip_Projection:_Byrd_and_Hobar",
                "Nasal_Tip_Projection:_Goode"
            ],
            "xVal": 20.83,
            "yVal": -7.29,
            "zVal": 84.01,
            "cameraX": "",
            "cameraY": "",
            "cameraZ": "",
            "type": "Points"
        },
        {
            "id": "Alar_Crest/Alar_Curvature/Alar_Base_Junction/Alar-Facial_Groove/Alar-Cheek_Junction/Alar_Crease_right",
            "name": "Alar Base Junction/Alar Crease - right",
            "abbrv": "ac_r",
            "list": "Y",
            "imageFile": "feature_point_alar_crest_right-basal.png",
            "description": "The junction between the right alar crease and the cheek.",
            "references": "(10)",
            "usedInMeasurements": [
                "Ala/Alar_Length_(right)",
                "Alar_Base_Width",
                "Alar_Base_Width_Surface",
                "Premaxilla_-_right",
                "Premaxilla_-_right_Surface",
                "Lobule_-_Base_Ratio"
            ],
            "xVal": -10.04,
            "yVal": -8.69,
            "zVal": 85.06,
            "cameraX": "",
            "cameraY": "",
            "cameraZ": "",
            "type": "Points"
        },
        {
            "id": "Alar_Ridge's_Highest_Point_left",
            "name": "Alar Rim’s Highest Point - left",
            "abbrv": "armax_l",
            "list": "F",
            "imageFile": "feature_point_alar_rim_highest_point_left-lateral.png",
            "description": "The highest point of the left alar rim.",
            "references": "(10, 11)",
            "usedInMeasurements": [
                "Columella-Alar_Distance_-_left",
                "Columella-Alar_Distance_-_left_Surface"
            ],
            "xVal": 12.67,
            "yVal": -10.75,
            "zVal": 99.88,
            "cameraX": "",
            "cameraY": "",
            "cameraZ": "",
            "type": "Points"
        },
        {
            "id": "Alar_Ridge's_Highest_Point_right",
            "name": "Alar Rim’s Highest Point - right",
            "abbrv": "armax_r",
            "list": "F",
            "imageFile": "feature_point_alar_rim_highest_point_right-lateral.png",
            "description": "The highest point of the right alar rim.",
            "references": "(10, 11)",
            "usedInMeasurements": [
                "Columella-Alar_Distance_-_right",
                "Columella-Alar_Distance_-_right_Surface"
            ],
            "xVal": -10.97,
            "yVal": -8.64,
            "zVal": 102.55,
            "cameraX": "",
            "cameraY": "",
            "cameraZ": "",
            "type": "Points"
        },
        {
            "id": "Alare/Alar_Flare_left",
            "name": "Alare/Alar Flare - left",
            "abbrv": "al_l",
            "list": "Y",
            "imageFile": "feature_point_alare_alar_flare_left-frontal.png",
            "description": "The most lateral point on the left ala of the nose.",
            "references": "(10)",
            "usedInMeasurements": [
                "Interalar_Distance",
                "Interalar_Distance_Surface",
                "Interalar_Angle",
                "Nasal_Width–Intercanthal_Distance_Ratio",
                "Nasal_Width-Length_Ratio"
            ],
            "xVal": 19.84,
            "yVal": -5.19,
            "zVal": 86.47,
            "cameraX": "",
            "cameraY": "",
            "cameraZ": "",
            "type": "Points"
        },
        {
            "id": "Alare/Alar_Flare_right",
            "name": "Alare/Alar Flare - right",
            "abbrv": "al_r",
            "list": "Y",
            "imageFile": "feature_point_alare_alar_flare_right-frontal.png",
            "description": "The most lateral point on the right ala of the nose.",
            "references": "(10)",
            "usedInMeasurements": [
                "Interalar_Distance",
                "Interalar_Distance_Surface",
                "Interalar_Angle",
                "Nasal_Width–Intercanthal_Distance_Ratio",
                "Nasal_Width-Length_Ratio"
            ],
            "xVal": -8.4,
            "yVal": -3.5,
            "zVal": 89.13,
            "cameraX": "",
            "cameraY": "",
            "cameraZ": "",
            "type": "Points"
        },
        {
            "id": "Columellar_Break_Point",
            "name": "Columellar Break Point",
            "abbrv": "cb",
            "list": "Y",
            "imageFile": "feature_point_columellar_break_point-lateral(l).png",
            "description": "The point in the columellar region of the nose where the tip of the nose stops curving and the columellar linear structure begins, in the midline.",
            "references": "(15, 16)",
            "usedInMeasurements": [
                "Columella_Length",
                "Columella_Length_Surface",
                "Infratip_Lobule/Infralobule",
                "Infratip_Lobule/Infralobule_Surface",
                "Columellar_Labial_Angle",
                "Columellar_Lobular_Angle"
            ],
            "xVal": 5.56,
            "yVal": -7.25,
            "zVal": 100.04,
            "cameraX": "",
            "cameraY": "",
            "cameraZ": "",
            "type": "Points"
        },
        {
            "id": "Endocanthion/Medial_Canthus_left",
            "name": "Endocanthion/Medial Canthus - left",
            "abbrv": "en_l",
            "list": "Y",
            "imageFile": "feature_point_endocanthion_left-frontal.png",
            "description": "The inner corner of the left eye where the upper and lower eyelids meet.",
            "references": "(18, 19)",
            "usedInMeasurements": [
                "(Inner)_Intercanthal_Distance/Width",
                "(Inner)_Intercanthal_Distance/Width_Surface",
                "Left_Eye_Width",
                "Left_Eye_Width_Surface",
                "Nasal_Width–Intercanthal_Distance_Ratio"
            ],
            "xVal": 20.92,
            "yVal": 27.88,
            "zVal": 71.91,
            "cameraX": "",
            "cameraY": "",
            "cameraZ": "",
            "type": "Points"
        },
        {
            "id": "Endocanthion/Medial_Canthus_right",
            "name": "Endocanthion/Medial Canthus - right",
            "abbrv": "en_r",
            "list": "Y",
            "imageFile": "feature_point_endocanthion_right-frontal.png",
            "description": "The inner corner of the right eye where the upper and lower eyelids meet.",
            "references": "(18, 19)",
            "usedInMeasurements": [
                "(Inner)_Intercanthal_Distance/Width",
                "(Inner)_Intercanthal_Distance/Width_Surface",
                "Right_Eye_Width",
                "Right_Eye_Width_Surface",
                "Nasal_Width–Intercanthal_Distance_Ratio"
            ],
            "xVal": -9.23,
            "yVal": 28.05,
            "zVal": 74.5,
            "cameraX": "",
            "cameraY": "",
            "cameraZ": "",
            "type": "Points"
        },
        {
            "id": "Glabella",
            "name": "Glabella",
            "abbrv": "g",
            "list": "F",
            "imageFile": "feature_point_glabella-lateral(l).png",
            "description": "The most prominent point of the forehead in the midline between the eyebrows.",
            "references": "(20)",
            "usedInMeasurements": [
                "Mid-Facial_Height",
                "Mid-Facial_Height_Surface",
                "Upper_Facial_Height",
                "Nasofrontal_Angle",
                "Nasolabial_Angle_IV",
                "Total_Facial_Convexity_Angle"
            ],
            "xVal": -17.35,
            "yVal": 79.26,
            "zVal": 180.4,
            "cameraX": "",
            "cameraY": "",
            "cameraZ": "",
            "type": "Points"
        },
        {
            "id": "Labiale_Superius",
            "name": "Labiale Superius",
            "abbrv": "ls",
            "list": "F",
            "imageFile": "feature_point_labiale_superius-basal.png",
            "description": "The midline point representing the mucocutaneous vermilion border of the upper lip",
            "references": "(23)",
            "usedInMeasurements": [
                "Columellar_Labial_Angle",
                "Degree_of_Deviation_(I-type)",
                "Nasolabial_Angle_I",
                "Nasal_Tip_Projection:_Byrd_and_Hobar",
                "Nasal_Tip_Projection:_Crumley_and_Lanser_I",
                "Nasal_Tip_Projection:_Simons"
            ],
            "xVal": -5.5,
            "yVal": -73.11,
            "zVal": 200.7,
            "cameraX": "",
            "cameraY": "",
            "cameraZ": "",
            "type": "Points"
        },
        {
            "id": "Maxilloanteriorale_left",
            "name": "Maxilloanteriorale - left",
            "abbrv": "ma_l",
            "list": "Y",
            "imageFile": "feature_point_maxilloanteriorale_left-frontal.png",
            "description": "The point where the left maxilloanterioral and nasoanterioral sutures meet",
            "references": "(9, 25, 26)",
            "usedInMeasurements": [
                "Nasal_Root_Width",
                "Nasal_Root_Width_Surface"
            ],
            "xVal": 16.8,
            "yVal": 19.75,
            "zVal": 81.03,
            "cameraX": "",
            "cameraY": "",
            "cameraZ": "",
            "type": "Points"
        },
        {
            "id": "Maxilloanteriorale_right",
            "name": "Maxilloanteriorale - right",
            "abbrv": "ma_r",
            "list": "Y",
            "imageFile": "feature_point_maxilloanteriorale_right-frontal.png",
            "description": "The point where the right maxilloanterioral and nasoanterioral sutures meet",
            "references": "(9, 25, 26)",
            "usedInMeasurements": [
                "Nasal_Root_Width",
                "Nasal_Root_Width_Surface"
            ],
            "xVal": -5.37,
            "yVal": 19.54,
            "zVal": 83.8,
            "cameraX": "",
            "cameraY": "",
            "cameraZ": "",
            "type": "Points"
        },
        {
            "id": "Maxillofrontale_left",
            "name": "Maxillofrontale - left",
            "abbrv": "mf_l",
            "list": "Y",
            "imageFile": "feature_point_maxillofrontale_left-frontal.png",
            "description": "The soft tissue point located at the left lateral margin of the base of the nasal root at the level of the endocanthion.",
            "references": "(33)",
            "usedInMeasurements": [
                "Nasal_Root_Width",
                "Dorsal_aesthetic_line_width_at_intercanthal_distance_to_interphiltral_width_ratio"
            ],
            "xVal": 14.7,
            "yVal": 29.51,
            "zVal": 77.47,
            "cameraX": "",
            "cameraY": "",
            "cameraZ": "",
            "type": "Points"
        },
        {
            "id": "Maxillofrontale_right",
            "name": "Maxillofrontale - right",
            "abbrv": "mf_r",
            "list": "Y",
            "imageFile": "feature_point_maxillofrontale_right-frontal.png",
            "description": "The soft tissue point located at the right lateral margin of the base of the nasal root at the level of the endocanthion.",
            "references": "(33)",
            "usedInMeasurements": [
                "Nasal_Root_Width",
                "Dorsal_aesthetic_line_width_at_intercanthal_distance_to_interphiltral_width_ratio"
            ],
            "xVal": -3.4,
            "yVal": 28.85,
            "zVal": 79.52,
            "cameraX": "",
            "cameraY": "",
            "cameraZ": "",
            "type": "Points"
        },
        {
            "id": "Menton/Gnathion",
            "name": "Menton/Gnathion",
            "abbrv": "me",
            "list": "Y",
            "imageFile": "feature_point_menton-lateral(l).png",
            "description": "Lowest point on the soft tissue proﬁle of the chin in mid-sagittal plane.",
            "references": "(18, 27)",
            "usedInMeasurements": [
                "Face_Length/Height",
                "Face_Length/Height_Surface",
                "Height_of_the_Mandible/Chin_Height",
                "Height_of_the_Mandible/Chin_Height_Surface",
                "Lower_Facial_Height",
                "Lower_Facial_Height_Surface",
                "Mentocervical_Angle",
                "Nasal_Tip_Projection:_Crumley_and_Lanser_II"
            ],
            "xVal": 1.79,
            "yVal": -78.95,
            "zVal": 79.54,
            "cameraX": "",
            "cameraY": "",
            "cameraZ": "",
            "type": "Points"
        },
        {
            "id": "Nasal_Parenthesis_left",
            "name": "Nasal Parenthesis - left",
            "abbrv": "np_l",
            "list": "Y",
            "imageFile": "feature_point_nasal_parenthesis_left-frontal.png",
            "description": "The summit of the left nasal parentheses/canthal-alar line.",
            "references": "(30)",
            "usedInMeasurements": [
                "Base_Bony_Width_Surface",
                "Base_Bony_Width"
            ],
            "xVal": 22.57,
            "yVal": 4.76,
            "zVal": 82.86,
            "cameraX": "",
            "cameraY": "",
            "cameraZ": "",
            "type": "Points"
        },
        {
            "id": "Nasal_Parenthesis_right",
            "name": "Nasal Parenthesis - right",
            "abbrv": "np_r",
            "list": "Y",
            "imageFile": "feature_point_nasal_parenthesis_right-frontal.png",
            "description": "The summit of the right nasal parentheses/canthal-alar line.",
            "references": "(30)",
            "usedInMeasurements": [
                "Base_Bony_Width_Surface",
                "Base_Bony_Width"
            ],
            "xVal": -11.17,
            "yVal": 7.1,
            "zVal": 84.69,
            "cameraX": "",
            "cameraY": "",
            "cameraZ": "",
            "type": "Points"
        },
        {
            "id": "Nasion/Radix",
            "name": "Nasion/Radix",
            "abbrv": "n",
            "list": "Y",
            "imageFile": "feature_point_nasion-lateral(l).png",
            "description": "The midpoint of the nasofrontal suture line where the frontal bone and nasal bones join.",
            "references": "(22)",
            "usedInMeasurements": [
                "Nasal_Bridge_Length",
                "Nasal_Bridge_Length_Surface",
                "Nose_Height",
                "Nose_Height_Surface",
                "Radix_Depth",
                "Radix_Depth_Surface",
                "Degree_of_Deviation_(C-type)",
                "Degree_of_Deviation_(I-type)",
                "Nasal_Tip_Angle",
                "Nasofacial_Angle",
                "Nasofrontal_Angle",
                "Nasomental_Angle",
                "Nasal_Tip_Projection:_Baum",
                "Nasal_Tip_Projection:_Byrd_and_Hobar",
                "Nasal_Tip_Projection:_Crumley_and_Lanser_I",
                "Nasal_Tip_Projection:_Crumley_and_Lanser_II",
                "Nasal_Tip_Projection:_Goode",
                "Nasal_Tip_Projection:_Powell_and_Humphries",
                "Nasal_Width-Length_Ratio"
            ],
            "xVal": 7.29,
            "yVal": 37.38,
            "zVal": 84.91,
            "cameraX": "",
            "cameraY": "",
            "cameraZ": "",
            "type": "Points"
        },
        {
            "id": "Pogonion",
            "name": "Pogonion",
            "abbrv": "pg",
            "list": "Y",
            "imageFile": "feature_point_pogonion-lateral(l).png",
            "description": "Most anterior point on the soft tissue profile of the chin in mid-sagittal plane.",
            "references": "(31)",
            "usedInMeasurements": [
                "Mentocervical_Angle",
                "Nasofacial_Angle",
                "Nasolabial_Angle_IV",
                "Nasomental_Angle",
                "Total_Facial_Convexity_Angle"
            ],
            "xVal": 3.04,
            "yVal": -63.82,
            "zVal": 88.07,
            "cameraX": "",
            "cameraY": "",
            "cameraZ": "",
            "type": "Points"
        },
        {
            "id": "Posterior/Inferior_Point_of_Nostril_left",
            "name": "Posterior Point of Nostril - left",
            "abbrv": "itn_l",
            "list": "F",
            "imageFile": "feature_point_posterior_point_of_the_nostril_left-basal.png",
            "description": "The point where the left ala meets the nostril floor at a point corresponding to sbal.",
            "references": "(12)",
            "usedInMeasurements": [
                "Interaxial_Angle_(Nostril_Inclination)",
                "Nasolabial_Angle_IV"
            ],
            "xVal": 16.19,
            "yVal": -34.9,
            "zVal": 193.88,
            "cameraX": "",
            "cameraY": "",
            "cameraZ": "",
            "type": "Points"
        },
        {
            "id": "Posterior/Inferior_Point_of_Nostril_right",
            "name": "Posterior Point of Nostril - right",
            "abbrv": "itn_r",
            "list": "F",
            "imageFile": "feature_point_posterior_point_of_the_nostril_right-basal.png",
            "description": "The point where the right ala meets the nostril floor at a point corresponding to sbal.",
            "references": "(12)",
            "usedInMeasurements": [
                "Interaxial_Angle_(Nostril_Inclination)",
                "Nasolabial_Angle_IV"
            ],
            "xVal": -26.12,
            "yVal": -37.44,
            "zVal": 188.92,
            "cameraX": "",
            "cameraY": "",
            "cameraZ": "",
            "type": "Points"
        },
        {
            "id": "Pronasale/Tip",
            "name": "Pronasale/Tip",
            "abbrv": "prn",
            "list": "Y",
            "imageFile": "feature_point_pronasale_tip-lateral(l).png",
            "description": "The most protrusive point on the nasal tip in the midline.",
            "references": "(18)",
            "usedInMeasurements": [
                "Ala/Alar_Length_(left)",
                "Ala/Alar_Length_(right)",
                "Ala/Alar_Length_(right)_Surface",
                "Infratip_Lobule/Infralobule",
                "Infratip_Lobule/Infralobule_Surface",
                "Nasal_Bridge_Length",
                "Nasal_Bridge_Length_Surface",
                "Nasal_Tip_Projection",
                "Nasal_Tip_Projection_Surface",
                "Supratip_Lobule",
                "Supratip_Lobule_Surface",
                "Columellar_Lobular_Angle",
                "Degree_of_Deviation_(C-type)",
                "Degree_of_Deviation_(I-type)",
                "Interalar_Angle",
                "Mentocervical_Angle",
                "Nasal_Tip_Angle",
                "Nasofacial_Angle",
                "Nasofrontal_Angle",
                "Nasolabial_Angle_I",
                "Nasomental_Angle",
                "Total_Facial_Convexity_Angle",
                "Nasal_Tip_Projection:_Baum",
                "Nasal_Tip_Projection:_Byrd_and_Hobar",
                "Nasal_Tip_Projection:_Crumley_and_Lanser_I",
                "Nasal_Tip_Projection:_Crumley_and_Lanser_II",
                "Nasal_Tip_Projection:_Goode",
                "Nasal_Tip_Projection:_Powell_and_Humphries",
                "Nasal_Tip_Projection:_Simons",
                "Nasal_Width-Length_Ratio"
            ],
            "xVal": 5.7,
            "yVal": 0.99,
            "zVal": 109.65,
            "cameraX": "",
            "cameraY": "",
            "cameraZ": "",
            "type": "Points"
        },
        {
            "id": "Rhinion",
            "name": "Rhinion",
            "abbrv": "r",
            "list": "Y",
            "imageFile": "feature_point_rhinion-frontal.png",
            "description": "Osseocartilaginous junction. A craniometric point corresponding to the lower end of the suture between the two nasal bones.",
            "references": "(32)",
            "usedInMeasurements": [
                "Kyphion_Angle"
            ],
            "xVal": 6.49,
            "yVal": 21.41,
            "zVal": 96.23,
            "cameraX": "",
            "cameraY": "",
            "cameraZ": "",
            "type": "Points"
        },
        {
            "id": "Subnasale_left",
            "name": "Subnasale - left",
            "abbrv": "sn_l",
            "list": "Y",
            "imageFile": "feature_point_subnasale_left-basal.png",
            "description": "Indicates the midpoint of the left columella crest where the thickness of the columella (sn'-sn') is measured.",
            "references": "(12)",
            "usedInMeasurements": [
                "Columella_Width_I_Surface",
                "Columella_Width_I",
                "Angle_of_Subnasale_left"
            ],
            "xVal": 9.6,
            "yVal": -9.76,
            "zVal": 93.86,
            "cameraX": "",
            "cameraY": "",
            "cameraZ": "",
            "type": "Points"
        },
        {
            "id": "Subnasale_right",
            "name": "Subnasale - right",
            "abbrv": "sn_r",
            "list": "Y",
            "imageFile": "feature_point_subnasale_right-basal.png",
            "description": "Indicates the midpoint of the right columella crest where the thickness of the columella (sn'-sn') is measured.",
            "references": "(12)",
            "usedInMeasurements": [
                "Columella_Width_I_Surface",
                "Columella_Width_I",
                "Angle_of_Subnasale_right"
            ],
            "xVal": 0.22,
            "yVal": -9.87,
            "zVal": 92.88,
            "cameraX": "",
            "cameraY": "",
            "cameraZ": "",
            "type": "Points"
        },
        {
            "id": "Subnasale",
            "name": "Subnasale",
            "abbrv": "sn",
            "list": "Y",
            "imageFile": "feature_point_subnasale-basal.png",
            "description": "The midpoint of the columella base. The deepest point at the junction of the base of the columella and the upper lip in the midline. Located at the apex of the nasolabial angle in the midline, where the inferior border of the nasal septum meets the skin of the upper lip.",
            "references": "(20)",
            "usedInMeasurements": [
                "Columella_Length_Surface",
                "Columella_Length",
                "Lower_Facial_Height",
                "Lower_Facial_Height_Surface",
                "Mid-Facial_Height",
                "Mid-Facial_Height_Surface",
                "Nasal_Tip_Projection",
                "Nasal_Tip_Projection_Surface",
                "Nose_Height",
                "Nose_Height_Surface",
                "Nostril_Floor_Width_(left)",
                "Nostril_Floor_Width_(left)_Surface",
                "Nostril_Floor_Width_(right)",
                "Nostril_Floor_Width_(right)_Surface",
                "Premaxilla_-_left",
                "Premaxilla_-_left_Surface",
                "Premaxilla_-_right",
                "Premaxilla_-_right_Surface",
                "Upper_Lip_Height",
                "Upper_Lip_Height_Surface",
                "Columellar_Labial_Angle",
                "Columellar_Lobular_Angle",
                "Nasal_Tip_Angle",
                "Nasolabial_Angle_I",
                "Nasal_Tip_Projection:_Baum",
                "Nasal_Tip_Projection:_Powell_and_Humphries",
                "Nasal_Tip_Projection:_Simons"
            ],
            "xVal": 4.97,
            "yVal": -10.25,
            "zVal": 95.15,
            "cameraX": "",
            "cameraY": "",
            "cameraZ": "",
            "type": "Points"
        },
        {
            "id": "Supratip_Break_Point",
            "name": "Supratip Break Point",
            "abbrv": "s",
            "list": "Y",
            "imageFile": "feature_point_supratip_break_point-lateral(l).png",
            "description": "The area just cephalad to the nasal tip at the caudal portion of the nasal dorsum.",
            "references": "(38)",
            "usedInMeasurements": [
                "Supratip_Lobule",
                "Supratip_Lobule_Surface"
            ],
            "xVal": 6.25,
            "yVal": 11.71,
            "zVal": 103.77,
            "cameraX": "",
            "cameraY": "",
            "cameraZ": "",
            "type": "Points"
        },
        {
            "id": "Tip_Defining_Point_left",
            "name": "Tip Defining Point - left",
            "abbrv": "td_l",
            "list": "Y",
            "imageFile": "feature_point_tip_defining_point_left-frontal.png",
            "description": "The nasal tip defining point (TDP) is the most anterior projection of the tip cartilages, usually corresponding to the apex of the lobular arch anatomically, and is typically identified externally where the light reflex is seen on the nasal tip.",
            "references": "(39)",
            "usedInMeasurements": [
                "Tip/Lobule_Width",
                "Tip/Lobule_Width_Surface",
                "Lobule_-_Base_Ratio"
            ],
            "xVal": 11.59,
            "yVal": 0.88,
            "zVal": 106.04,
            "cameraX": "",
            "cameraY": "",
            "cameraZ": "",
            "type": "Points"
        },
        {
            "id": "Tip_Defining_Point_right",
            "name": "Tip Defining Point - right",
            "abbrv": "td_r",
            "list": "Y",
            "imageFile": "feature_point_tip_defining_point_right-frontal.png",
            "description": "The nasal tip defining point (TDP) is the most anterior projection of the tip cartilages, usually corresponding to the apex of the lobular arch anatomically, and is typically identified externally where the light reflex is seen on the nasal tip.",
            "references": "(39)",
            "usedInMeasurements": [
                "Tip/Lobule_Width",
                "Tip/Lobule_Width_Surface",
                "Lobule_-_Base_Ratio"
            ],
            "xVal": 1.32,
            "yVal": 0.7,
            "zVal": 107.7,
            "cameraX": "",
            "cameraY": "",
            "cameraZ": "",
            "type": "Points"
        },
        {
            "id": "Tragion_left",
            "name": "Tragion - left",
            "abbrv": "t_l",
            "list": "Y",
            "imageFile": "feature_point_tragion_left-lateral.png",
            "description": "The notch on the upper margin of the left tragus. A bilateral landmark located within the small notch at the superior extent of the tragus (cartilaginous projection just anterior to the auditory meatus), where the cartilage meets the face.",
            "references": "(14, 18)",
            "usedInMeasurements": [
                "Angle_of_Alar_Crease_left",
                "Angle_of_Distant_Chin_left",
                "Angle_of_Labiale_Inferius_left",
                "Angle_of_Labiale_Superius_left",
                "Angle_of_Pogonion_left",
                "Angle_of_Pronasale_left",
                "Angle_of_Sellion_left",
                "Angle_of_Subnasale_left",
                "Facial_Angle",
                "Medium_Facial_Third_Angle_left",
                "Nasomaxillary_Angle"
            ],
            "xVal": 75.19,
            "yVal": 7.87,
            "zVal": -3.62,
            "cameraX": "",
            "cameraY": "",
            "cameraZ": "",
            "type": "Points"
        },
        {
            "id": "Tragion_right",
            "name": "Tragion - right",
            "abbrv": "t_r",
            "list": "Y",
            "imageFile": "feature_point_tragion_right-lateral.png",
            "description": "The notch on the upper margin of the right tragus. A bilateral landmark located within the small notch at the superior extent of the tragus (cartilaginous projection just anterior to the auditory meatus), where the cartilage meets the face.",
            "references": "(14, 18)",
            "usedInMeasurements": [
                "Angle_of_Alar_Crease_right",
                "Angle_of_Distant_Chin_right",
                "Angle_of_Labiale_Inferius_right",
                "Angle_of_Labiale_Superius_right",
                "Angle_of_Pogonion_right",
                "Angle_of_Pronasale_right",
                "Angle_of_Sellion_right",
                "Angle_of_Subnasale_right",
                "Facial_Angle",
                "Mandibular_Angle",
                "Maxillary_Angle",
                "Medium_Facial_Third_Angle_right",
                "Nasal_Angle",
                "Nasomaxillary_Angle"
            ],
            "xVal": -70.56,
            "yVal": 8.61,
            "zVal": -0.28,
            "cameraX": "",
            "cameraY": "",
            "cameraZ": "",
            "type": "Points"
        },
        {
            "id": "Trichion",
            "name": "Trichion",
            "abbrv": "tr",
            "list": "Y",
            "imageFile": "feature_point_trichion-frontal.png",
            "description": "The point on the hairline in the midline of the forehead.",
            "references": "(19)",
            "usedInMeasurements": [
                "Face_Length/Height",
                "Face_Length/Height_Surface",
                "Upper_Facial_Height"
            ],
            "xVal": 8.44,
            "yVal": 107.87,
            "zVal": 65.58,
            "cameraX": "",
            "cameraY": "",
            "cameraZ": "",
            "type": "Points"
        },
        {
            "id": "Vertex",
            "name": "Vertex",
            "abbrv": "v",
            "list": "Y",
            "imageFile": "feature_point_vertex-lateral(l).png",
            "description": "The topmost point of the vault of the cranium.",
            "references": "(33)",
            "usedInMeasurements": [
                ""
            ],
            "xVal": 1.34,
            "yVal": 125.41,
            "zVal": 8.12,
            "cameraX": "",
            "cameraY": "",
            "cameraZ": "",
            "type": "Points"
        }
    ],
    "measurements": [
        {
            "id": "Ala/Alar_Length_(left)",
            "name": "Ala/Alar Length (left)",
            "surfaceDistId": "Ala/Alar_Length_(left)_Surface",
            "imageFile": "measurement_distance_left_alar_length-basal.png",
            "description": "The distance from pronasale/tip (prn) to alar base junction/alar crease - left (ac_l)",
            "type": "Distances",
            "group": "Distances",
            "list": "N",
            "references": "(12, 18, 51, 52)",
            "usedFeatures": [
                "Pronasale/Tip",
                "Alar_Crest/Alar_Curvature/Alar_Base_Junction/Alar-Facial_Groove/Alar-Cheek_Junction/Alar_Crease_left"
            ],
            "beginningPoint": {
                "x": 0,
                "y": 0,
                "z": 0
            },
            "endPoint": {
                "x": 0,
                "y": 0,
                "z": 0
            },
            "value": "30.90",
            "cameraX": "",
            "cameraY": "",
            "cameraZ": "",
            "formula": "$$\\sqrt{\\left(Prn.x-Ac_l.x\\right)^2+\\left(Prn.y-Ac_l.y\\right)^2+\\left(Prn.z-Ac_l.z\\right)^2}$$",
            "rangeStart": "1",
            "rangeEnd": "200"
        },
        {
            "id": "Ala/Alar_Length_(right)",
            "name": "Ala/Alar Length (right)",
            "surfaceDistId": "Ala/Alar_Length_(right)_Surface",
            "imageFile": "measurement_distance_right_alar_length-basal.png",
            "description": "The distance from pronasale/tip (prn) to alar base junction/alar crease - right (ac_r)",
            "type": "Distances",
            "group": "Distances",
            "list": "N",
            "references": "(12, 18, 51, 52)",
            "usedFeatures": [
                "Pronasale/Tip",
                "Alar_Crest/Alar_Curvature/Alar_Base_Junction/Alar-Facial_Groove/Alar-Cheek_Junction/Alar_Crease_right"
            ],
            "beginningPoint": {
                "x": 0,
                "y": 0,
                "z": 0
            },
            "endPoint": {
                "x": 0,
                "y": 0,
                "z": 0
            },
            "value": "30.76",
            "cameraX": "",
            "cameraY": "",
            "cameraZ": "",
            "formula": "$$\\sqrt{\\left(Prn.x-Ac_r.x\\right)^2+\\left(Prn.y-Ac_r.y\\right)^2+\\left(Prn.z-Ac_r.z\\right)^2}$$",
            "rangeStart": "1",
            "rangeEnd": "200"
        },
        {
            "id": "Alar_Base_Width",
            "name": "Alar Base Width",
            "surfaceDistId": "Alar_Base_Width_Surface",
            "imageFile": "measurement_distance_alar_base_width-basal.png",
            "description": "The distance from alar base junction/alar crease - left (ac_l) to alar base junction/alar crease - right (ac_r)",
            "type": "Distances",
            "group": "Distances",
            "list": "Y",
            "references": "(25, 51)",
            "usedFeatures": [
                "Alar_Crest/Alar_Curvature/Alar_Base_Junction/Alar-Facial_Groove/Alar-Cheek_Junction/Alar_Crease_left",
                "Alar_Crest/Alar_Curvature/Alar_Base_Junction/Alar-Facial_Groove/Alar-Cheek_Junction/Alar_Crease_right"
            ],
            "beginningPoint": {
                "x": 0,
                "y": 0,
                "z": 0
            },
            "endPoint": {
                "x": 0,
                "y": 0,
                "z": 0
            },
            "value": "30.92",
            "cameraX": "",
            "cameraY": "",
            "cameraZ": "",
            "formula": "$$\\sqrt{\\left(Ac_l.x-Ac_r.x\\right)^2+\\left(Ac_l.y-Ac_r.y\\right)^2+\\left(Ac_l.z-Ac_r.z\\right)^2}$$",
            "rangeStart": "1",
            "rangeEnd": "200"
        },
        {
            "id": "Base_Bony_Width",
            "name": "Base Bony Width",
            "surfaceDistId": "Base_Bony_Width_Surface",
            "imageFile": "measurement_distance_base_bony_width-frontal.png",
            "description": "The distance from nasal parenthesis - left (np_l) to nasal parenthesis - right (np_r)",
            "type": "Distances",
            "group": "Distances",
            "list": "N",
            "references": "(30)",
            "usedFeatures": [
                "Nasal_Parenthesis_left",
                "Nasal_Parenthesis_right"
            ],
            "beginningPoint": {
                "x": 0,
                "y": 0,
                "z": 0
            },
            "endPoint": {
                "x": 0,
                "y": 0,
                "z": 0
            },
            "value": "33.87",
            "cameraX": "",
            "cameraY": "",
            "cameraZ": "",
            "formula": "$$\\sqrt{\\left(Np_l.x-Np_r.x\\right)^2+\\left(Np_l.y-Np_r.y\\right)^2+\\left(Np_l.z-Np_r.z\\right)^2}$$",
            "rangeStart": "1",
            "rangeEnd": "200"
        },
        {
            "id": "Columella_Length_I",
            "name": "Columella Length",
            "surfaceDistId": "Columella_Length_I_Surface",
            "imageFile": "measurement_distance_columella_length_I-lateral(l).png",
            "description": "The distance between subnasale (sn) and columella breakpoint (cb)",
            "type": "Distances",
            "group": "Distances",
            "list": "Y",
            "references": "(54)",
            "usedFeatures": [
                "Subnasale",
                "Columellar_Break_Point"
            ],
            "beginningPoint": {
                "x": 0,
                "y": 0,
                "z": 0
            },
            "endPoint": {
                "x": 0,
                "y": 0,
                "z": 0
            },
            "value": "5.77",
            "cameraX": "",
            "cameraY": "",
            "cameraZ": "",
            "formula": "$$\\sqrt{\\left(Sn.x-C.x\\right)^2+\\left(Sn.y-C.y\\right)^2+\\left(Sn.z-C.z\\right)^2}$$",
            "rangeStart": "1",
            "rangeEnd": "200"
        },
        {
            "id": "Columella_Width_I",
            "name": "Columella Width",
            "surfaceDistId": "Columella_Width_I_Surface",
            "imageFile": "measurement_distance_columella_width_I-basal.png",
            "description": "The distance from subnasale - left (sn_l) to subnasale - right (sn_r)",
            "type": "Distances",
            "group": "Distances",
            "list": "Y",
            "references": "(12, 51, 52, 54)",
            "usedFeatures": [
                "Subnasale_left",
                "Subnasale_right"
            ],
            "beginningPoint": {
                "x": 0,
                "y": 0,
                "z": 0
            },
            "endPoint": {
                "x": 0,
                "y": 0,
                "z": 0
            },
            "value": "9.43",
            "cameraX": "",
            "cameraY": "",
            "cameraZ": "",
            "formula": "$$\\sqrt{\\left(Sn’_l.x-Sn’_r.x\\right)^2+\\left(Sn’_l.y-Sn’_r.y\\right)^2+\\left(Sn’_l.z-Sn’_r.z\\right)^2}$$",
            "rangeStart": "1",
            "rangeEnd": "200"
        },
        {
            "id": "Infratip_Lobule/Infralobule",
            "name": "Infratip Lobule Length",
            "surfaceDistId": "Infratip_Lobule/Infralobule_Surface",
            "imageFile": "measurement_distance_infratip_lobule-lateral(l).png",
            "description": "The distance from pronasale/tip (prn) to columella break point (cb)",
            "type": "Distances",
            "group": "Distances",
            "list": "N",
            "references": "(58)",
            "usedFeatures": [
                "Pronasale/Tip",
                "Columellar_Break_Point"
            ],
            "beginningPoint": {
                "x": 0,
                "y": 0,
                "z": 0
            },
            "endPoint": {
                "x": 0,
                "y": 0,
                "z": 0
            },
            "value": "12.66",
            "cameraX": "",
            "cameraY": "",
            "cameraZ": "",
            "formula": "$$\\sqrt{\\left(Prn.x-C.x\\right)^2+\\left(Prn.y-C.y\\right)^2+\\left(Prn.z-C.z\\right)^2}$$",
            "rangeStart": "1",
            "rangeEnd": "200"
        },
        {
            "id": "Interalar_Distance",
            "name": "Interalar Distance",
            "surfaceDistId": "Interalar_Distance_Surface",
            "imageFile": "measurement_distance_interalar_distance-frontal.png",
            "description": "The distance from alare/alar flare - left (al_l) to alar/alar flare - right (al_r).",
            "type": "Distances",
            "group": "Distances",
            "list": "Y",
            "references": "(12, 18, 25, 48, 51, 59, 60",
            "usedFeatures": [
                "Alare/Alar_Flare_left",
                "Alare/Alar_Flare_right"
            ],
            "beginningPoint": {
                "x": 0,
                "y": 0,
                "z": 0
            },
            "endPoint": {
                "x": 0,
                "y": 0,
                "z": 0
            },
            "value": "28.42",
            "cameraX": "",
            "cameraY": "",
            "cameraZ": "",
            "formula": "$$\\sqrt{\\left(Al_l.x-Al_r.x\\right)^2+\\left(Al_l.y-Al_r.y\\right)^2+\\left(Al_l.z-Al_r.z\\right)^2}$$",
            "rangeStart": "1",
            "rangeEnd": "200"
        },
        {
            "id": "(Inner)_Intercanthal_Distance/Width",
            "name": "(Inner) Intercanthal Distance/Width",
            "surfaceDistId": "(Inner)_Intercanthal_Distance/Width_Surface",
            "imageFile": "measurement_distance_intercanthal_distance-frontal.png",
            "description": "The distance from endocanthion/medial canthus - left (en_l) to endocanthion/medial canthus - right (en_r)",
            "type": "Distances",
            "group": "Distances",
            "list": "N",
            "references": "(18, 61)",
            "usedFeatures": [
                "Endocanthion/Medial_Canthus_left",
                "Endocanthion/Medial_Canthus_right"
            ],
            "beginningPoint": {
                "x": 0,
                "y": 0,
                "z": 0
            },
            "endPoint": {
                "x": 0,
                "y": 0,
                "z": 0
            },
            "value": "30.26",
            "cameraX": "",
            "cameraY": "",
            "cameraZ": "",
            "formula": "$$\\sqrt{\\left(En_l.x-En_r.x\\right)^2+\\left(En_l.y-En_r.y\\right)^2+\\left(En_l.z-En_r.z\\right)^2}$$",
            "rangeStart": "1",
            "rangeEnd": "200"
        },
        {
            "id": "Mid-Facial_Height",
            "name": "Mid-Facial Height",
            "surfaceDistId": "Mid-Facial_Height_Surface",
            "imageFile": "measurement_distance_mid_facial_height-frontal.png",
            "description": "The distance between subnasale (sn) and glabella (g)",
            "type": "Distances",
            "group": "Distances",
            "list": "N",
            "references": "(34, 59)",
            "usedFeatures": [
                "Subnasale",
                "Glabella"
            ],
            "beginningPoint": {
                "x": 0,
                "y": 0,
                "z": 0
            },
            "endPoint": {
                "x": 0,
                "y": 0,
                "z": 0
            },
            "value": "128.11",
            "cameraX": "",
            "cameraY": "",
            "cameraZ": "",
            "formula": "$$\\sqrt{\\left(G.x-Sn.x\\right)^2+\\left(G.y-Sn.y\\right)^2+\\left(G.z-Sn.z\\right)^2}$$",
            "rangeStart": "1",
            "rangeEnd": "200"
        },
        {
            "id": "Nasal_Bridge_Length",
            "name": "Nasal Bridge Length",
            "surfaceDistId": "Nasal_Bridge_Length_Surface",
            "imageFile": "measurement_distance_nasal_bridge_length-lateral(l).png",
            "description": "The distance from pronasale/tip (prn) to nasion (n)",
            "type": "Distances",
            "group": "Distances",
            "list": "Y",
            "references": "(17, 18, 51, 52)",
            "usedFeatures": [
                "Pronasale/Tip",
                "Nasion/Radix"
            ],
            "beginningPoint": {
                "x": 0,
                "y": 0,
                "z": 0
            },
            "endPoint": {
                "x": 0,
                "y": 0,
                "z": 0
            },
            "value": "44.03",
            "cameraX": "",
            "cameraY": "",
            "cameraZ": "",
            "formula": "$$\\sqrt{\\left(Prn.x-N.x\\right)^2+\\left(Prn.y-N.y\\right)^2+\\left(Prn.z-N.z\\right)^2}$$",
            "rangeStart": "1",
            "rangeEnd": "200"
        },
        {
            "id": "Nasal_Root_Width",
            "name": "Nasal Root Width",
            "surfaceDistId": "Nasal_Root_Width_Surface",
            "imageFile": "measurement_distance_nasal_root_width-frontal.png",
            "description": "Distance from maxillofrontale - left (mf_l) to maxillofrontale - right (mf_r)",
            "type": "Distances",
            "group": "Distances",
            "list": "N",
            "references": "(25, 26, 52, 66)",
            "usedFeatures": [
                "Maxillofrontale_left",
                "Maxillofrontale_right"
            ],
            "beginningPoint": {
                "x": 0,
                "y": 0,
                "z": 0
            },
            "endPoint": {
                "x": 0,
                "y": 0,
                "z": 0
            },
            "value": "18.23",
            "cameraX": "",
            "cameraY": "",
            "cameraZ": "",
            "formula": "$$\\sqrt{\\left(Mf_l.x-Mf_r.x\\right)^2+\\left(Mf_l.y-Mf_r.y\\right)^2+\\left(Mf_l.z-Mf_r.z\\right)^2}$$",
            "rangeStart": "1",
            "rangeEnd": "200"
        },
        {
            "id": "Nasal_Tip_Projection",
            "name": "Nasal Tip Projection",
            "surfaceDistId": "Nasal_Tip_Projection_Surface",
            "imageFile": "measurement_distance_nasal_tip_projection_I-lateral(l).png",
            "description": "The distance from pronasale/Tip (prn) to subnasale (sn)",
            "type": "Distances",
            "group": "Distances",
            "list": "Y",
            "references": "(64)",
            "usedFeatures": [
                "Subnasale",
                "Pronasale/Tip"
            ],
            "beginningPoint": {
                "x": 0,
                "y": 0,
                "z": 0
            },
            "endPoint": {
                "x": 0,
                "y": 0,
                "z": 0
            },
            "value": "18.36",
            "cameraX": "",
            "cameraY": "",
            "cameraZ": "",
            "formula": "$$\\sqrt{\\left(Prn.x-Sn.x\\right)^2+\\left(Prn.y-Sn.y\\right)^2+\\left(Prn.z-Sn.z\\right)^2}$$",
            "rangeStart": "1",
            "rangeEnd": "200"
        },
        {
            "id": "Nose_Height",
            "name": "Nose Height",
            "surfaceDistId": "Nose_Height_Surface",
            "imageFile": "measurement_distance_nose_height-lateral(l).png",
            "description": "The distance from Subnasale (sn) to Nasion (n)",
            "type": "Distances",
            "group": "Distances",
            "list": "N",
            "references": "(18, 25, 51, 52)",
            "usedFeatures": [
                "Subnasale",
                "Nasion/Radix"
            ],
            "beginningPoint": {
                "x": 0,
                "y": 0,
                "z": 0
            },
            "endPoint": {
                "x": 0,
                "y": 0,
                "z": 0
            },
            "value": "48.77",
            "cameraX": "",
            "cameraY": "",
            "cameraZ": "",
            "formula": "$$\\sqrt{\\left(Sn.x-N.x\\right)^2+\\left(Sn.y-N.y\\right)^2+\\left(Sn.z-N.z\\right)^2}$$",
            "rangeStart": "1",
            "rangeEnd": "200"
        },
        {
            "id": "Premaxilla_-_left",
            "name": "Premaxilla - left",
            "surfaceDistId": "Premaxilla_-_left_Surface",
            "imageFile": "measurement_distance_left_premaxilla-lateral(l).png",
            "description": "The distance between subnasale (sn) and alar base junction/alar crease - left (ac_l)",
            "type": "Distances",
            "group": "Distances",
            "list": "N",
            "references": "(18)",
            "usedFeatures": [
                "Subnasale",
                "Alar_Crest/Alar_Curvature/Alar_Base_Junction/Alar-Facial_Groove/Alar-Cheek_Junction/Alar_Crease_left"
            ],
            "beginningPoint": {
                "x": 0,
                "y": 0,
                "z": 0
            },
            "endPoint": {
                "x": 0,
                "y": 0,
                "z": 0
            },
            "value": "19.61",
            "cameraX": "",
            "cameraY": "",
            "cameraZ": "",
            "formula": "$$\\sqrt{\\left(Sn.x-Ac_l.x\\right)^2+\\left(Sn.y-Ac_l.y\\right)^2+\\left(Sn.z-Ac_l.z\\right)^2}$$",
            "rangeStart": "1",
            "rangeEnd": "200"
        },
        {
            "id": "Premaxilla_-_right",
            "name": "Premaxilla - right",
            "surfaceDistId": "Premaxilla_-_right_Surface",
            "imageFile": "measurement_distance_right_premaxilla-lateral(r).png",
            "description": "The distance between subnasale (sn) and alar base junction/alar crease - right (ac_r)",
            "type": "Distances",
            "group": "Distances",
            "list": "N",
            "references": "(18)",
            "usedFeatures": [
                "Subnasale",
                "Alar_Crest/Alar_Curvature/Alar_Base_Junction/Alar-Facial_Groove/Alar-Cheek_Junction/Alar_Crease_right"
            ],
            "beginningPoint": {
                "x": 0,
                "y": 0,
                "z": 0
            },
            "endPoint": {
                "x": 0,
                "y": 0,
                "z": 0
            },
            "value": "18.15",
            "cameraX": "",
            "cameraY": "",
            "cameraZ": "",
            "formula": "$$\\sqrt{\\left(Sn.x-Ac_r.x\\right)^2+\\left(Sn.y-Ac_r.y\\right)^2+\\left(Sn.z-Ac_r.z\\right)^2}$$",
            "rangeStart": "1",
            "rangeEnd": "200"
        },
        {
            "id": "Supratip_Lobule",
            "name": "Supratip Lobule",
            "surfaceDistId": "Supratip_Lobule_Surface",
            "imageFile": "measurement_distance_supratip_lobule-lateral(l).png",
            "description": "The distance from pronasale/tip (prn) to supratip break point (s)",
            "type": "Distances",
            "group": "Distances",
            "list": "N",
            "references": "(13, 68)",
            "usedFeatures": [
                "Pronasale/Tip",
                "Supratip_Break_Point"
            ],
            "beginningPoint": {
                "x": 0,
                "y": 0,
                "z": 0
            },
            "endPoint": {
                "x": 0,
                "y": 0,
                "z": 0
            },
            "value": "12.24",
            "cameraX": "",
            "cameraY": "",
            "cameraZ": "",
            "formula": "$$\\sqrt{\\left(Prn.x-S.x\\right)^2+\\left(Prn.y-S.y\\right)^2+\\left(Prn.z-S.z\\right)^2}$$",
            "rangeStart": "1",
            "rangeEnd": "200"
        },
        {
            "id": "Tip/Lobule_Width",
            "name": "Tip/Lobule Width",
            "surfaceDistId": "Tip/Lobule_Width_Surface",
            "imageFile": "measurement_distance_lobule_width-frontal.png",
            "description": "The distance from tip defining point - left (td_l) to tip defining point - right (td_r)",
            "type": "Distances",
            "group": "Distances",
            "list": "N",
            "references": "(69)",
            "usedFeatures": [
                "Tip_Defining_Point_left",
                "Tip_Defining_Point_right"
            ],
            "beginningPoint": {
                "x": 0,
                "y": 0,
                "z": 0
            },
            "endPoint": {
                "x": 0,
                "y": 0,
                "z": 0
            },
            "value": "10.40",
            "cameraX": "",
            "cameraY": "",
            "cameraZ": "",
            "formula": "$$\\sqrt{\\left(Td_l.x-Td_r.x\\right)^2+\\left(Td_l.y-Td_r.y\\right)^2+\\left(Td_l.z-Td_r.z\\right)^2}$$",
            "rangeStart": "1",
            "rangeEnd": "200"
        },
        {
            "id": "Alar_Base_Width_Surface",
            "name": "Alar Base Width - Surface",
            "flyDistId": "Alar_Base_Width",
            "numberOfSegments": 31,
            "imageFile": "measurement_distance_alar_base_width-basal.png",
            "description": "The surface distance from alar base junction/alar crease - left (ac_l) to alar base junction/alar crease - right (ac_r)",
            "type": "Distances - Surface",
            "group": "Surface Distances",
            "typeOfView": "basal",
            "references": "Please check the corresponding 'not surface' measurement",
            "referencesFly": "(25, 51)",
            "storedPoints": [
                {
                    "x": 19.78,
                    "y": -7.94,
                    "z": 85.36
                },
                {
                    "x": 18.74,
                    "y": -8.55,
                    "z": 86.64
                },
                {
                    "x": 17.7,
                    "y": -9.12,
                    "z": 87.83
                },
                {
                    "x": 16.68,
                    "y": -9.54,
                    "z": 88.68
                },
                {
                    "x": 15.68,
                    "y": -9.77,
                    "z": 89.12
                },
                {
                    "x": 14.68,
                    "y": -10.07,
                    "z": 89.73
                },
                {
                    "x": 13.68,
                    "y": -10.4,
                    "z": 90.38
                },
                {
                    "x": 12.68,
                    "y": -10.71,
                    "z": 91
                },
                {
                    "x": 11.68,
                    "y": -11.02,
                    "z": 91.61
                },
                {
                    "x": 10.69,
                    "y": -11.33,
                    "z": 92.22
                },
                {
                    "x": 9.7,
                    "y": -11.63,
                    "z": 92.83
                },
                {
                    "x": 8.71,
                    "y": -11.82,
                    "z": 93.18
                },
                {
                    "x": 7.73,
                    "y": -12.01,
                    "z": 93.53
                },
                {
                    "x": 6.75,
                    "y": -12.11,
                    "z": 93.69
                },
                {
                    "x": 5.78,
                    "y": -12.19,
                    "z": 93.8
                },
                {
                    "x": 4.8,
                    "y": -12.17,
                    "z": 93.69
                },
                {
                    "x": 3.83,
                    "y": -12.14,
                    "z": 93.55
                },
                {
                    "x": 2.85,
                    "y": -12.05,
                    "z": 93.29
                },
                {
                    "x": 1.88,
                    "y": -11.97,
                    "z": 93.06
                },
                {
                    "x": 0.9,
                    "y": -11.78,
                    "z": 92.57
                },
                {
                    "x": -0.08,
                    "y": -11.58,
                    "z": 92.07
                },
                {
                    "x": -1.06,
                    "y": -11.38,
                    "z": 91.57
                },
                {
                    "x": -2.05,
                    "y": -11.15,
                    "z": 91
                },
                {
                    "x": -3.03,
                    "y": -10.89,
                    "z": 90.35
                },
                {
                    "x": -4.02,
                    "y": -10.61,
                    "z": 89.67
                },
                {
                    "x": -5.02,
                    "y": -10.34,
                    "z": 89.01
                },
                {
                    "x": -6.01,
                    "y": -10.01,
                    "z": 88.22
                },
                {
                    "x": -7.02,
                    "y": -9.61,
                    "z": 87.28
                },
                {
                    "x": -8.02,
                    "y": -9.29,
                    "z": 86.51
                },
                {
                    "x": -9.02,
                    "y": -9.16,
                    "z": 86.15
                }
            ],
            "list": "Y",
            "usedFeatures": [
                "Alar_Crest/Alar_Curvature/Alar_Base_Junction/Alar-Facial_Groove/Alar-Cheek_Junction/Alar_Crease_left",
                "Alar_Crest/Alar_Curvature/Alar_Base_Junction/Alar-Facial_Groove/Alar-Cheek_Junction/Alar_Crease_right"
            ],
            "value": "38.01",
            "cameraX": "",
            "cameraY": "",
            "cameraZ": "",
            "formula": "",
            "rangeStart": "1",
            "rangeEnd": "200"
        },
        {
            "id": "Columella_Length_I_Surface",
            "name": "Columella Length - Surface",
            "flyDistId": "Columella_Length_I",
            "numberOfSegments": 6,
            "imageFile": "measurement_distance_columella_length_I-lateral(l).png",
            "description": "The surface distance between subnasale (sn) and columella breakpoint (cb)",
            "type": "Distances - Surface",
            "group": "Surface Distances",
            "typeOfView": "front",
            "references": "Please check the corresponding 'not surface' measurement",
            "referencesFly": "(54)",
            "storedPoints": [
                {
                    "x": 5.068333333333333,
                    "y": -9.75,
                    "z": 95.72
                },
                {
                    "x": 5.166666666666666,
                    "y": -9.25,
                    "z": 96.33
                },
                {
                    "x": 5.265,
                    "y": -8.75,
                    "z": 97.09
                },
                {
                    "x": 5.363333333333333,
                    "y": -8.25,
                    "z": 98.09
                },
                {
                    "x": 5.461666666666666,
                    "y": -7.75,
                    "z": 99.03
                }
            ],
            "list": "Y",
            "usedFeatures": [
                "Subnasale",
                "Columellar_Break_Point"
            ],
            "value": "5.80",
            "cameraX": "",
            "cameraY": "",
            "cameraZ": "",
            "formula": "",
            "rangeStart": "1",
            "rangeEnd": "200"
        },
        {
            "id": "Columella_Width_I_Surface",
            "name": "Columella Width - Surface",
            "flyDistId": "Columella_Width_I",
            "numberOfSegments": 10,
            "imageFile": "measurement_distance_columella_width_I-basal.png",
            "description": "The surface distance from subnasale - left (sn_l) to subnasale - right (sn_r)",
            "type": "Distances - Surface",
            "group": "Surface Distances",
            "typeOfView": "steepBasal",
            "references": "Please check the corresponding 'not surface' measurement",
            "referencesFly": "(12, 51, 52, 54)",
            "storedPoints": [
                {
                    "x": 8.66,
                    "y": -10.32,
                    "z": 94.05
                },
                {
                    "x": 7.71,
                    "y": -10.8,
                    "z": 94.2
                },
                {
                    "x": 6.78,
                    "y": -11.15,
                    "z": 94.28
                },
                {
                    "x": 5.84,
                    "y": -11.4,
                    "z": 94.3
                },
                {
                    "x": 4.9,
                    "y": -11.37,
                    "z": 94.19
                },
                {
                    "x": 3.97,
                    "y": -11.34,
                    "z": 94.07
                },
                {
                    "x": 3.03,
                    "y": -11.02,
                    "z": 93.8
                },
                {
                    "x": 2.09,
                    "y": -10.79,
                    "z": 93.57
                },
                {
                    "x": 1.16,
                    "y": -10.94,
                    "z": 93.55
                }
            ],
            "list": "Y",
            "usedFeatures": [
                "Subnasale_left",
                "Subnasale_right"
            ],
            "value": "10.58",
            "cameraX": "",
            "cameraY": "",
            "cameraZ": "",
            "formula": "",
            "rangeStart": "1",
            "rangeEnd": "200"
        },
        {
            "id": "Interalar_Distance_Surface",
            "name": "Interalar Distance - Surface",
            "flyDistId": "Interalar_Distance",
            "numberOfSegments": 29,
            "imageFile": "measurement_distance_interalar_distance-frontal.png",
            "description": "The surface distance from alare/alar flare - left (al_l) to alar/alar flare - right (al_r).",
            "type": "Distances - Surface",
            "group": "Surface Distances",
            "typeOfView": "front",
            "references": "Please check the corresponding 'not surface' measurement",
            "referencesFly": "(12, 18, 25, 48, 51, 59, 60",
            "storedPoints": [
                {
                    "x": 18.866206896551724,
                    "y": -5.131724137931035,
                    "z": 88.71
                },
                {
                    "x": 17.892413793103447,
                    "y": -5.073448275862069,
                    "z": 91.88
                },
                {
                    "x": 16.91862068965517,
                    "y": -5.0151724137931035,
                    "z": 93.32
                },
                {
                    "x": 15.944827586206896,
                    "y": -4.956896551724138,
                    "z": 94.01
                },
                {
                    "x": 14.97103448275862,
                    "y": -4.898620689655173,
                    "z": 88.77
                },
                {
                    "x": 13.02344827586207,
                    "y": -4.782068965517242,
                    "z": 89.89
                },
                {
                    "x": 12.049655172413793,
                    "y": -4.723793103448276,
                    "z": 91.37
                },
                {
                    "x": 11.075862068965517,
                    "y": -4.665517241379311,
                    "z": 101.39
                },
                {
                    "x": 10.10206896551724,
                    "y": -4.607241379310345,
                    "z": 103.05
                },
                {
                    "x": 9.128275862068964,
                    "y": -4.548965517241379,
                    "z": 104.17
                },
                {
                    "x": 8.154482758620688,
                    "y": -4.490689655172414,
                    "z": 105.18
                },
                {
                    "x": 7.1806896551724115,
                    "y": -4.432413793103448,
                    "z": 105.56
                },
                {
                    "x": 6.206896551724137,
                    "y": -4.374137931034483,
                    "z": 105.87
                },
                {
                    "x": 5.233103448275861,
                    "y": -4.315862068965517,
                    "z": 106.18
                },
                {
                    "x": 4.259310344827584,
                    "y": -4.257586206896552,
                    "z": 105.9
                },
                {
                    "x": 3.28551724137931,
                    "y": -4.199310344827587,
                    "z": 105.45
                },
                {
                    "x": 2.3117241379310336,
                    "y": -4.141034482758621,
                    "z": 105.04
                },
                {
                    "x": 1.3379310344827573,
                    "y": -4.082758620689655,
                    "z": 104.12
                },
                {
                    "x": 0.364137931034481,
                    "y": -4.02448275862069,
                    "z": 103.06
                },
                {
                    "x": -0.6096551724137953,
                    "y": -3.966206896551724,
                    "z": 101.39
                },
                {
                    "x": -1.5834482758620716,
                    "y": -3.9079310344827585,
                    "z": 99.8
                },
                {
                    "x": -2.557241379310348,
                    "y": -3.849655172413793,
                    "z": 88.99
                },
                {
                    "x": -3.531034482758624,
                    "y": -3.7913793103448277,
                    "z": 96.74
                },
                {
                    "x": -4.5048275862069005,
                    "y": -3.733103448275862,
                    "z": 95.59
                },
                {
                    "x": -5.478620689655177,
                    "y": -3.674827586206897,
                    "z": 94.45
                },
                {
                    "x": -6.4524137931034495,
                    "y": -3.6165517241379312,
                    "z": 93.05
                },
                {
                    "x": -7.426206896551726,
                    "y": -3.5582758620689656,
                    "z": 91.07
                }
            ],
            "list": "Y",
            "usedFeatures": [
                "Alare/Alar_Flare_left",
                "Alare/Alar_Flare_right"
            ],
            "value": "73.51",
            "cameraX": "",
            "cameraY": "",
            "cameraZ": "",
            "formula": "",
            "rangeStart": "1",
            "rangeEnd": "200"
        },
        {
            "id": "Nasal_Bridge_Length_Surface",
            "name": "Nasal Bridge Length - Surface",
            "flyDistId": "Nasal_Bridge_Length",
            "numberOfSegments": 45,
            "imageFile": "measurement_distance_nasal_bridge_length-lateral(l).png",
            "description": "The surface distance from pronasale/tip (prn) to nasion (n)",
            "type": "Distances - Surface",
            "group": "Surface Distances",
            "typeOfView": "front",
            "references": "Please check the corresponding 'not surface' measurement",
            "referencesFly": "(17, 18, 51, 52)",
            "storedPoints": [
                {
                    "x": 5.735333333333333,
                    "y": 1.7986666666666666,
                    "z": 108.55
                },
                {
                    "x": 5.770666666666667,
                    "y": 2.607333333333333,
                    "z": 108.46
                },
                {
                    "x": 5.806,
                    "y": 3.4160000000000004,
                    "z": 108.26
                },
                {
                    "x": 5.841333333333333,
                    "y": 4.224666666666667,
                    "z": 108.03
                },
                {
                    "x": 5.876666666666667,
                    "y": 5.033333333333333,
                    "z": 107.8
                },
                {
                    "x": 5.912,
                    "y": 5.8420000000000005,
                    "z": 107.53
                },
                {
                    "x": 5.947333333333334,
                    "y": 6.650666666666667,
                    "z": 107.18
                },
                {
                    "x": 5.982666666666667,
                    "y": 7.459333333333333,
                    "z": 106.64
                },
                {
                    "x": 6.018,
                    "y": 8.267999999999999,
                    "z": 106.1
                },
                {
                    "x": 6.053333333333334,
                    "y": 9.076666666666666,
                    "z": 105.56
                },
                {
                    "x": 6.088666666666667,
                    "y": 9.885333333333334,
                    "z": 104.91
                },
                {
                    "x": 6.1240000000000006,
                    "y": 10.694,
                    "z": 104.21
                },
                {
                    "x": 6.1593333333333335,
                    "y": 11.502666666666666,
                    "z": 103.51
                },
                {
                    "x": 6.1946666666666665,
                    "y": 12.311333333333334,
                    "z": 102.84
                },
                {
                    "x": 6.23,
                    "y": 13.12,
                    "z": 102.2
                },
                {
                    "x": 6.265333333333333,
                    "y": 13.928666666666667,
                    "z": 101.56
                },
                {
                    "x": 6.300666666666666,
                    "y": 14.737333333333334,
                    "z": 100.89
                },
                {
                    "x": 6.336,
                    "y": 15.546,
                    "z": 100.18
                },
                {
                    "x": 6.371333333333333,
                    "y": 16.354666666666667,
                    "z": 99.47
                },
                {
                    "x": 6.406666666666666,
                    "y": 17.16333333333333,
                    "z": 98.77
                },
                {
                    "x": 6.442,
                    "y": 17.971999999999998,
                    "z": 98.06
                },
                {
                    "x": 6.477333333333333,
                    "y": 18.780666666666665,
                    "z": 97.39
                },
                {
                    "x": 6.512666666666667,
                    "y": 19.589333333333332,
                    "z": 96.74
                },
                {
                    "x": 6.548,
                    "y": 20.398,
                    "z": 96.1
                },
                {
                    "x": 6.583333333333333,
                    "y": 21.206666666666663,
                    "z": 95.46
                },
                {
                    "x": 6.618666666666667,
                    "y": 22.01533333333333,
                    "z": 94.8
                },
                {
                    "x": 6.654,
                    "y": 22.823999999999998,
                    "z": 94.14
                },
                {
                    "x": 6.689333333333334,
                    "y": 23.632666666666665,
                    "z": 93.47
                },
                {
                    "x": 6.724666666666667,
                    "y": 24.441333333333333,
                    "z": 92.81
                },
                {
                    "x": 6.76,
                    "y": 25.249999999999996,
                    "z": 92.16
                },
                {
                    "x": 6.795333333333334,
                    "y": 26.058666666666664,
                    "z": 91.54
                },
                {
                    "x": 6.830666666666667,
                    "y": 26.86733333333333,
                    "z": 90.9
                },
                {
                    "x": 6.866,
                    "y": 27.676,
                    "z": 90.24
                },
                {
                    "x": 6.9013333333333335,
                    "y": 28.484666666666666,
                    "z": 89.59
                },
                {
                    "x": 6.9366666666666665,
                    "y": 29.29333333333333,
                    "z": 88.97
                },
                {
                    "x": 6.9719999999999995,
                    "y": 30.101999999999997,
                    "z": 88.41
                },
                {
                    "x": 7.007333333333333,
                    "y": 30.910666666666664,
                    "z": 87.87
                },
                {
                    "x": 7.042666666666666,
                    "y": 31.71933333333333,
                    "z": 87.33
                },
                {
                    "x": 7.077999999999999,
                    "y": 32.528,
                    "z": 86.87
                },
                {
                    "x": 7.113333333333333,
                    "y": 33.336666666666666,
                    "z": 86.44
                },
                {
                    "x": 7.148666666666667,
                    "y": 34.14533333333333,
                    "z": 86
                },
                {
                    "x": 7.184,
                    "y": 34.954,
                    "z": 85.71
                },
                {
                    "x": 7.219333333333333,
                    "y": 35.76266666666667,
                    "z": 85.44
                },
                {
                    "x": 7.254666666666667,
                    "y": 36.571333333333335,
                    "z": 85.18
                }
            ],
            "list": "Y",
            "usedFeatures": [
                "Pronasale/Tip",
                "Nasion/Radix"
            ],
            "value": "44.64",
            "cameraX": "",
            "cameraY": "",
            "cameraZ": "",
            "formula": "",
            "rangeStart": "1",
            "rangeEnd": "200"
        },
        {
            "id": "Nasal_Tip_Projection_Surface",
            "name": "Nasal Tip Projection - Surface",
            "numberOfSegments": 19,
            "imageFile": "measurement_distance_nasal_tip_projection_I-lateral(l).png",
            "description": "The surface distance from pronasale/Tip (prn) to subnasale (sn)",
            "type": "Distances - Surface",
            "group": "Surface Distances",
            "typeOfView": "front",
            "references": "Please check the corresponding 'not surface' measurement",
            "referencesFly": "(64)",
            "storedPoints": [
                {
                    "x": 5.008421052631578,
                    "y": -9.65842105263158,
                    "z": 95.81
                },
                {
                    "x": 5.046842105263158,
                    "y": -9.066842105263158,
                    "z": 96.51
                },
                {
                    "x": 5.085263157894737,
                    "y": -8.475263157894737,
                    "z": 97.55
                },
                {
                    "x": 5.123684210526315,
                    "y": -7.883684210526315,
                    "z": 98.7
                },
                {
                    "x": 5.162105263157895,
                    "y": -7.292105263157895,
                    "z": 99.89
                },
                {
                    "x": 5.200526315789474,
                    "y": -6.700526315789474,
                    "z": 101.47
                },
                {
                    "x": 5.238947368421052,
                    "y": -6.1089473684210525,
                    "z": 102.87
                },
                {
                    "x": 5.277368421052632,
                    "y": -5.517368421052631,
                    "z": 104.19
                },
                {
                    "x": 5.315789473684211,
                    "y": -4.92578947368421,
                    "z": 105.19
                },
                {
                    "x": 5.354210526315789,
                    "y": -4.334210526315789,
                    "z": 106.13
                },
                {
                    "x": 5.392631578947368,
                    "y": -3.7426315789473676,
                    "z": 106.82
                },
                {
                    "x": 5.431052631578948,
                    "y": -3.1510526315789473,
                    "z": 107.32
                },
                {
                    "x": 5.469473684210526,
                    "y": -2.559473684210526,
                    "z": 107.82
                },
                {
                    "x": 5.507894736842105,
                    "y": -1.967894736842105,
                    "z": 108.16
                },
                {
                    "x": 5.5463157894736845,
                    "y": -1.3763157894736828,
                    "z": 108.37
                },
                {
                    "x": 5.584736842105263,
                    "y": -0.7847368421052625,
                    "z": 108.53
                },
                {
                    "x": 5.623157894736842,
                    "y": -0.1931578947368422,
                    "z": 108.69
                },
                {
                    "x": 5.6615789473684215,
                    "y": 0.3984210526315799,
                    "z": 108.71
                }
            ],
            "list": "Y",
            "usedFeatures": [
                "Subnasale",
                "Pronasale/Tip"
            ],
            "value": "19.26",
            "cameraX": "",
            "cameraY": "",
            "cameraZ": "",
            "formula": "",
            "rangeStart": "1",
            "rangeEnd": "200"
        },
        {
            "id": "Interalar_Angle",
            "name": "Interalar Angle",
            "imageFile": "measurement_angle_interalar_angle-basal.png",
            "description": "The angle from alare/alar flare – right (al_r) to nasal tip/pronasale (prn) to alare/alar flare – left (al_l).",
            "type": "Angles",
            "group": "Angles",
            "list": "Y",
            "references": "(52, 79)",
            "usedFeatures": [
                "Pronasale/Tip",
                "Alare/Alar_Flare_left",
                "Alare/Alar_Flare_right"
            ],
            "linePointsOrder": [
                "Alare/Alar_Flare_right",
                "Pronasale/Tip",
                "Alare/Alar_Flare_left"
            ],
            "value": "115.57",
            "cameraX": "",
            "cameraY": "",
            "cameraZ": "",
            "formula": "V1=$$<\\left(Al_l.x-Prn.x\\right),\\left(Al_l.y-Prn.y\\right),\\left(Al_l.z-Prn.z\\right)>$$ V2=$$<\\left(Prn.x-Al_r.x\\right),\\left(Prn.y-Al_r.y\\right),\\left(Prn.z-Al_r.z\\right)>$$$$\\theta=\\cos^{-1}(\\frac{V1\\bullet V2}{|V1||V2|})$$"
        },
        {
            "id": "Nasal_Tip_Angle",
            "name": "Nasal Tip Angle",
            "imageFile": "measurement_angle_nasal_tip_angle-lateral(l).png",
            "description": "The angle between nasion/radix (n) to pronasale/tip (prn) to subnasale (sn).",
            "type": "Angles",
            "group": "Angles",
            "list": "Y",
            "references": "(12, 25, 52)",
            "usedFeatures": [
                "Pronasale/Tip",
                "Nasion/Radix",
                "Subnasale"
            ],
            "linePointsOrder": [
                "Subnasale",
                "Pronasale/Tip",
                "Nasion/Radix"
            ],
            "value": "86.35",
            "cameraX": "",
            "cameraY": "",
            "cameraZ": "",
            "formula": "V1=$$<\\left(N.x-Prn.x\\right),\\left(N.y-Prn.y\\right),\\left(N.z-Prn.z\\right)>$$ V2=$$<\\left(Prn.x-Sn.x\\right),\\left(Prn.y-Sn.y\\right),\\left(Prn.z-Sn.z\\right)>$$$$\\theta=\\cos^{-1}(\\frac{V1\\bullet V2}{|V1||V2|})$$"
        },
        {
            "id": "Nasofrontal_Angle",
            "name": "Nasofrontal Angle",
            "imageFile": "measurement_angle_nasofrontal_angle-lateral(l).png",
            "description": "The angle from glabella (g) to nasion/radix (n) to pronasale/tip (prn)",
            "type": "Angles",
            "group": "Angles",
            "list": "N",
            "references": "(20, 59, 78)",
            "usedFeatures": [
                "Glabella",
                "Nasion/Radix",
                "Pronasale/Tip"
            ],
            "value": "145.70",
            "cameraX": "",
            "cameraY": "",
            "cameraZ": "",
            "formula": "V1=$$<\\left(N.x-G.x\\right),\\left(N.y-G.y\\right),\\left(N.z-G.z\\right)>$$ V2=$$<\\left(N.x-Prn.x\\right),\\left(N.y-Prn.y\\right),\\left(N.z-Prn.z\\right)>$$$$\\theta=\\cos^{-1}(\\frac{V1\\bullet V2}{|V1||V2|})$$"
        },
        {
            "id": "Nasolabial_Angle_I",
            "name": "Nasolabial Angle I",
            "imageFile": "measurement_angle_nasolabial_angle-lateral(l).png",
            "description": "The angle from pronasale/tip (prn) to subnasale (sn) to labiale superius (ls)",
            "type": "Angles",
            "group": "Angles",
            "list": "N",
            "references": "(25, 53, 73)",
            "usedFeatures": [
                "Subnasale",
                "Pronasale/Tip",
                "Labiale_Superius"
            ],
            "linePointsOrder": [
                "Labiale_Superius",
                "Subnasale",
                "Pronasale/Tip"
            ],
            "value": "43.60",
            "cameraX": "",
            "cameraY": "",
            "cameraZ": "",
            "formula": "V1=$$<\\left(Prn.x-Sn.x\\right),\\left(Prn.y-Sn.y\\right),\\left(Prn.z-Sn.z\\right)>$$ V2=$$<\\left(Ls.x-Prn.x\\right),\\left(Ls.y-Prn.y\\right),\\left(Ls.z-Prn.z\\right)>$$$$\\theta=\\cos^{-1}(\\frac{V1\\bullet V2}{|V1||V2|})$$"
        },
        {
            "id": "Nasal_Tip_Projection:_Goode",
            "name": "Nasal Tip Projection: Goode",
            "imageFile": "measurement_ratio_nasal_tip_projection_goode-lateral(l).png",
            "description": "The distance from pronasale (prn) to alar base junction/alar crease - right (ac_r) divided by the distance from nasion (n) to nasal tip/pronasale (prn).",
            "type": "Ratios",
            "group": "Ratios",
            "list": "Y",
            "references": "(85, 86, 89)",
            "usedFeatures": [
                "Pronasale/Tip",
                "Nasion/Radix",
                "Alar_Crest/Alar_Curvature/Alar_Base_Junction/Alar-Facial_Groove/Alar-Cheek_Junction/Alar_Crease_left"
            ],
            "value": "0.70",
            "cameraX": "",
            "cameraY": "",
            "cameraZ": "",
            "formula": "$$\\frac{\\sqrt{\\left(Ac_l.x-Prn.x\\right)^2+\\left(Ac_l.y-Prn.y\\right)^2+\\left(Ac_l.z-Prn.z\\right)^2}}{\\sqrt{\\left(Prn.x-N.x\\right)^2+\\left(Prn.y-N.y\\right)^2+\\left(Prn.z-N.z\\right)^2}}$$"
        },
        {
            "id": "Nasal_Width-Length_Ratio",
            "name": "Nasal Width-Length Ratio",
            "imageFile": "measurement_ratio_nasal_width_length_ratio-frontal.png",
            "description": "The alar base width divided by the nasal bridge length.",
            "type": "Ratios",
            "group": "Ratios",
            "list": "Y",
            "references": "(56, 90)",
            "usedFeatures": [
                "Alare/Alar_Flare_left",
                "Alare/Alar_Flare_right",
                "Pronasale/Tip",
                "Nasion/Radix"
            ],
            "value": "0.65",
            "cameraX": "",
            "cameraY": "",
            "cameraZ": "",
            "formula": "$$\\frac{Interalar Distance}{Nasal Bridge Length}$$ $$\\frac{\\sqrt{\\left(Al_r.x-Al_l.x\\right)^2+\\left(Al_r.y-Al_l.y\\right)^2+\\left(Al_r.z-Al_l.z\\right)^2}}{\\sqrt{\\left(Prn.x-N.x\\right)^2+\\left(Prn.y-N.y\\right)^2+\\left(Prn.z-N.z\\right)^2}}$$"
        }
    ]
}